PDB_id, H_chain, L_chain, set
3oz9, H, L, RAB
3nps, B, C, RAB
3p0y, H, L, RAB
2vxv, H, L, RAB
4hpy, H, L, RAB
2fbj, H, L, RAB
3t65, B, A, RAB
1nlb, H, L, RAB
2xwt, A, B, RAB
2v17, H, L, RAB
1fns, H, L, RAB
3lmj, H, L, RAB
1dlf, H, L, RAB
3g5y, B, A, RAB
2e27, H, L, RAB
3v0w, H, L, RAB
2adf, H, L, RAB
1oaq, H, L, RAB
2d7t, H, L, RAB
1mqk, H, L, RAB
3ifl, H, L, RAB
4h20, H, L, RAB
3e8u, H, L, RAB
2fb4, H, L, RAB
3i9g, H, L, RAB
3m8o, H, L, RAB
3mxw, H, L, RAB
1mfa, H, L, RAB
3gnm, H, L, RAB
3go1, H, L, RAB
4nzu, H, L, RAB
4f57, H, L, RAB
3hnt, H, L, RAB
3mlr, H, L, RAB
1jfq, H, L, RAB
2w60, A, B, RAB
1gig, H, L, RAB
1seq, H, L, RAB
3hc4, H, L, RAB
1mlb, B, A, RAB
3liz, H, L, RAB
3giz, H, L, RAB
3eo9, H, L, RAB
2ypv, H, L, RAB
2r8s, H, L, RAB
1jpt, H, L, RAB
5hdq, H, L, validation
5ijk, B, D, validation
7cho, H, L, validation
6o3l, H, L, validation
3dur, D, C, validation
1yy8, D, C, validation
6tkf, H, L, validation
4jre, H, L, validation
1lk3, I, M, validation
3bkm, H, L, validation
5id1, B, A, validation
6ulf, A, B, validation
1igt, B, A, validation
5vkk, H, L, validation
5epm, A, B, validation
7dm1, F, E, validation
7elx, H, L, validation
4ktd, H, L, validation
5hys, E, F, validation
1n4x, I, M, validation
4f33, H, G, validation
6xul, G, I, validation
7lyw, C, D, validation
7nx3, B, C, validation
4yny, C, D, validation
7tqa, H, L, validation
6dcv, B, A, validation
6dwa, B, A, validation
6v4n, H, L, validation
6bpa, B, C, validation
7kyo, H, L, validation
2ap2, B, A, validation
5n2k, H, G, validation
1ob1, E, D, validation
7amp, H, L, validation
3qg7, H, L, validation
7d85, E, F, validation
12e8, P, M, validation
5i1i, H, L, validation
7lm8, H, L, validation
1bln, D, C, validation
7mf7, E, F, validation
2y5t, A, B, validation
6axp, B, A, validation
7nx8, A, B, validation
7jn5, H, L, validation
1cf8, H, L, validation
1igj, B, A, validation
2vdl, H, L, validation
7bq5, C, D, validation
3l7f, E, D, validation
6phh, A, B, validation
5mv3, C, D, validation
6v8z, O, R, validation
1cic, B, A, validation
7jln, H, L, validation
7mw2, H, L, validation
3ggw, B, A, validation
6a67, H, L, validation
5icy, D, C, validation
6xjy, H, L, validation
6yax, I, M, validation
5cip, H, L, validation
1tzi, B, A, validation
5vsh, C, D, validation
1igf, J, M, validation
4r7d, A, B, validation
4g6f, B, D, validation
6vel, H, L, validation
7r6x, C, D, validation
6rco, A, B, validation
1rz8, B, A, validation
3ifp, A, B, validation
2jk5, A, B, validation
5cba, C, D, validation
6dwi, J, I, validation
3l5w, B, A, validation
4m7k, H, L, validation
2nr6, F, E, validation
5dd5, H, L, validation
4fqh, H, L, validation
1i8m, H, L, validation
6xm2, H, G, validation
3ojd, B, A, validation
1mf2, H, L, validation
4jdv, A, B, validation
4xpa, H, L, validation
2a6d, H, L, validation
4amk, H, L, validation
1fj1, B, A, validation
7qnw, A, B, validation
7lf7, A, B, validation
6nfn, N, M, validation
1lo2, H, L, validation
2ajx, H, L, validation
6axl, D, C, validation
4gxv, H, L, validation
4yxl, H, L, validation
6ks2, B, A, validation
4g7y, H, L, validation
1cic, D, C, train
6xca, H, L, train
5eii, A, B, train
4rbp, H, L, train
3uls, B, A, train
1fvc, B, A, train
4rgn, D, E, train
1fe8, I, M, train
3r06, F, E, train
6wkm, H, L, train
6tyb, H, L, train
7kmg, A, B, train
2g5b, H, G, train
2dqt, H, L, train
1a6t, B, A, train
2arj, B, A, train
7n8q, C, D, train
1bz7, B, A, train
6cdo, A, B, train
7beh, H, L, train
7n07, H, L, train
6db6, H, L, train
6xun, A, B, train
6svl, D, E, train
4ht1, H, L, train
1nc4, B, A, train
1p7k, B, A, train
4uil, H, L, train
6ute, I, J, train
5ggs, A, B, train
5tkj, J, K, train
2oqj, B, A, train
7bbj, H, L, train
4lmq, H, L, train
1dqm, H, L, train
5vqm, H, L, train
1rih, H, L, train
6ju0, K, O, train
2aj3, B, A, train
7l2e, H, L, train
6arp, B, A, train
6p67, H, L, train
6o2a, C, D, train
6p4y, H, L, train
7kpg, H, L, train
3ze2, E, F, train
4c83, A, B, train
5ngv, H, L, train
6bb4, I, M, train
7rxj, H, L, train
5bk3, E, F, train
5hi5, H, L, train
6j5f, H, L, train
4f33, B, A, train
6ol7, I, F, train
4j4p, C, D, train
7orb, H, L, train
6mu7, D, E, train
6p8d, D, E, train
6wiy, H, L, train
2bob, A, B, train
1jrh, H, L, train
4g6a, C, D, train
4lkx, A, B, train
6z3k, O, P, train
7lbf, F, E, train
5n7w, A, B, train
1bln, B, A, train
6ele, H, L, train
5u15, H, L, train
3rvt, D, C, train
6fg2, I, M, train
6bzv, C, D, train
6me1, A, B, train
5mvj, H, L, train
7amr, H, L, train
6ba5, H, G, train
2xkn, D, C, train
4xcn, A, B, train
4n9g, M, N, train
4r7d, C, D, train
7a0y, E, F, train
6xul, A, B, train
3hzy, B, A, train
4zfo, H, L, train
1uac, H, L, train
6msy, H, L, train
6v8z, C, F, train
6bli, G, H, train
1za6, H, G, train
4kxz, J, I, train
5i18, H, L, train
6wit, H, L, train
4f37, H, L, train
1qfu, H, L, train
6xe1, H, L, train
5eoc, H, L, train
6nnf, U, V, train
3hi1, B, A, train
7rcs, A, B, train
4uim, H, L, train
6e65, H, L, train
6tkb, H, L, train
1kcr, H, L, train
1c1e, H, L, train
2z91, C, D, train
1ct8, B, A, train
4uu9, H, L, train
5v6l, H, L, train
7rks, H, L, train
6wgk, A, B, train
3zdz, E, F, train
6a78, I, M, train
5ye4, C, D, train
6kva, h, l, train
1bbd, H, L, train
5vjq, C, D, train
5ghw, H, L, train
3ru8, H, L, train
7lue, J, N, train
4lvh, H, I, train
1op3, M, K, train
4ene, E, F, train
7kfx, H, L, train
1ucb, H, L, train
6v8z, I, L, train
6kx0, A, B, train
6vy4, H, L, train
6wzm, A, B, train
7e7x, H, L, train
3efd, H, L, train
6fy2, H, L, train
3uo1, H, L, train
1xgu, B, A, train
3kdm, H, L, train
3t2n, H, L, train
6xjq, C, D, train
7lja, E, D, train
6wn4, H, L, train
6ss4, H, L, train
6pdr, H, L, train
4laq, H, L, train
5x2q, H, L, train
2vdm, H, L, train
4rdq, M, L, train
7k75, M, N, train
6idg, H, L, train
4zpt, A, B, train
7neg, H, L, train
4kq4, H, L, train
6jep, H, L, train
6foe, H, L, train
6mtx, H, L, train
4lbe, A, B, train
5ysl, E, F, train
3qq9, H, L, train
3tje, H, L, train
4m48, H, L, train
4pb0, H, L, train
5dmg, H, L, train
6j6y, B, C, train
2uud, J, K, train
5f9w, B, C, train
4qww, D, C, train
5f6h, K, L, train
5m63, M, N, train
2otw, D, C, train
5ig7, A, B, train
3o41, A, B, train
6ks0, H, L, train
4kjq, E, F, train
3l5x, H, L, train
5cgy, H, L, train
1igt, D, C, train
5i76, B, A, train
5muq, H, L, train
1ggc, H, L, train
6me1, C, D, train
6o39, B, A, train
4ma1, B, C, train
5n2k, F, E, train
6fy2, X, Y, train
6fla, H, L, train
6wbv, H, L, train
5v6m, H, L, train
4tuo, C, D, train
7tp3, H, L, train
7bei, H, L, train
7mzi, H, L, train
5th9, J, N, train
6xjz, H, L, train
5b4m, H, L, train
3cmo, Y, X, train
4rdq, K, J, train
4xnm, H, L, train
4z7n, H, L, train
3hzm, B, A, train
4evn, O, P, train
5k9q, J, K, train
7czq, J, N, train
6ol7, H, L, train
5i1k, H, L, train
4jfx, B, A, train
2fr4, H, L, train
6vpy, A, B, train
4q2z, A, B, train
4a6y, B, A, train
4yhp, C, D, train
3tnn, C, D, train
5usi, H, L, train
3dvn, H, L, train
7ttm, H, L, train
7k7r, E, D, train
6nb8, H, L, train
4x4x, A, B, train
6ldw, B, A, train
7lj5, G, F, train
6med, A, B, train
6u85, H, L, train
1yec, H, L, train
3mck, B, A, train
4ki5, C, D, train
1igm, H, L, train
6bft, A, B, train
1kiq, B, A, train
3s96, A, B, train
6o2c, A, B, train
3stz, A, B, train
7cvt, E, F, train
6ewb, H, L, train
1cz8, Y, X, train
5i76, D, C, train
5n2k, D, C, train
6m87, B, A, train
7k9z, H, L, train
1ind, H, L, train
6m2r, H, L, train
4edx, H, L, train
3duu, B, A, train
3l5w, H, L, train
1q9w, B, A, train
7m7w, A, B, train
7lm9, H, L, train
6m3b, C, B, train
5ocy, H, L, train
4xtr, E, F, train
6lun, A, B, train
6pds, H, L, train
4tsc, H, L, train
6ldv, H, L, train
5h35, H, I, train
5nh3, H, L, train
3wfh, A, B, train
6woz, B, C, train
5bk2, C, D, train
3ifp, H, L, train
5wca, H, L, train
7ryu, H, L, train
7seg, H, L, train
5zia, H, I, train
6bf4, H, L, train
3u6r, A, B, train
3cfe, H, L, train
1cfv, H, L, train
7dr4, E, F, train
5dd1, H, L, train
4rzc, E, F, train
1kir, B, A, train
1mjj, H, L, train
4tqe, H, L, train
7ly2, G, I, train
1um5, H, L, train
7n8h, J, I, train
6c5h, H, L, train
6mub, H, L, train
5hbt, D, C, train
4tuo, A, B, train
5uem, H, L, train
3qcv, H, L, train
7rxl, H, L, train
7e3o, H, L, train
2bmk, H, L, train
43ca, B, A, train
4r8w, H, L, train
3uyr, H, L, train
1m7i, B, A, train
7lxy, F, C, train
4n8c, I, M, train
4kq3, H, L, train
6wg1, A, B, train
3kym, P, O, train
4jzj, A, B, train
6ana, H, L, train
5vke, A, B, train
6xm2, F, E, train
4j8r, D, C, train
5ir1, B, A, train
3okk, B, A, train
6hkg, C, D, train
4hkz, B, A, train
6n32, H, L, train
6azl, B, A, train
6wh9, H, I, train
1nld, H, L, train
4yr6, A, B, train
7sem, B, C, train
3uls, H, L, train
4aeh, H, L, train
6hx4, H, L, train
1bj1, H, L, train
5x0t, A, B, train
6u9u, H, L, train
6wfz, A, B, train
1q0y, H, L, train
1v7m, I, M, train
7c88, A, B, train
1rur, H, L, train
4ffy, H, L, train
5d6c, B, A, train
3wkm, H, L, train
1h3p, H, L, train
7n3g, H, L, train
5myo, D, C, train
1aj7, H, L, train
6bzu, A, B, train
4ydl, B, C, train
5f3h, A, B, train
6x1w, H, L, train
4rfe, A, B, train
5w4l, H, L, train
4jzo, C, F, train
4d9l, K, O, train
4fql, H, L, train
1fsk, F, E, train
2hh0, H, L, train
4g6a, H, L, train
4jzj, H, L, train
7kba, A, B, train
3qcv, I, M, train
3qwo, A, B, train
4xcn, H, L, train
7mzh, H, L, train
3eyv, H, L, train
6dwi, B, A, train
6ule, C, D, train
1rum, H, L, train
6obz, H, L, train
4dcq, B, A, train
1w72, H, L, train
5usl, H, L, train
7l79, H, L, train
6o42, H, L, train
7e86, A, B, train
2cgr, H, L, train
7lr3, A, B, train
4hjg, B, A, train
4liq, H, L, train
3qcu, I, M, train
6wm9, B, C, train
6pdu, H, L, train
1mfe, H, L, train
1ub6, A, B, train
6db5, I, M, train
6wt3, H, L, train
6vbp, H, L, train
1kem, H, L, train
6dg2, A, B, train
2jb5, H, L, train
6bfq, H, L, train
6p60, G, H, train
7ec5, E, F, train
5vxr, H, L, train
6wo5, G, I, train
5mev, H, L, train
5n2k, N, M, train
6cw3, A, B, train
6a79, H, L, train
7mfa, Q, R, train
1dba, H, L, train
5i19, H, L, train
1qkz, H, L, train
1jgu, H, L, train
6k0y, A, B, train
7k75, C, D, train
3bky, H, L, train
4nyl, H, L, train
7bep, H, L, train
4rgn, H, L, train
6nfv, A, B, train
7qny, H, L, train
4k94, H, L, train
6azl, D, C, train
1aif, H, L, train
2a6j, H, L, train
3qeh, E, F, train
6p60, J, K, train
3qpq, J, I, train
6p4b, H, L, train
4k9e, H, L, train
6y54, H, L, train
6tcn, H, L, train
6rlo, C, D, train
4khx, H, L, train
5ldn, H, L, train
5i1g, H, L, train
6pcu, C, B, train
6y9b, H, L, train
4tpr, H, L, train
5l0q, C, B, train
6kz0, E, F, train
7chc, A, B, train
5xcr, A, B, train
6xli, C, D, train
3vw3, H, L, train
6tcq, H, L, train
1dbm, H, L, train
2otu, F, E, train
6vrq, H, L, train
4xbg, H, L, train
5ewi, H, L, train
5i8k, H, L, train
7mzk, C, D, train
6a76, H, L, train
5y2k, E, F, train
4rgm, H, L, train
6az2, A, F, train
6ol7, P, O, train
6b3s, F, G, train
5mvz, H, L, train
6x1t, A, B, train
3f58, H, L, train
2r0l, H, L, train
6bzw, A, B, train
7raq, H, L, train
5te7, H, L, train
7ams, H, L, train
5mp5, H, L, train
7rlv, E, F, train
6rlm, O, P, train
5f6h, O, P, train
1xf3, B, A, train
6gc2, H, L, train
4kht, H, L, train
3mlw, I, M, train
1nl0, H, L, train
6hxw, H, L, train
5yoy, I, F, train
5jop, H, L, train
6cyf, D, C, train
6mug, D, E, train
6mhr, D, E, train
3gi9, H, L, train
6h3h, A, B, train
7k8r, H, L, train
4y5v, D, E, train
4hcr, M, N, train
3cfj, B, A, train
6cw3, C, D, train
3s35, H, L, train
1mhp, H, L, train
6mqe, H, L, train
6nfn, J, I, train
3qpq, F, E, train
7ly2, F, C, train
3s96, C, D, train
4a6y, H, L, train
2o5y, H, L, train
6w00, H, L, train
5x2m, J, K, train
6db5, H, L, train
4dgy, H, L, train
4odw, H, L, train
6ghg, H, L, train
6o2a, O, P, train
4uim, A, B, train
5x4g, A, B, train
6kz0, B, C, train
7n4i, H, L, train
5wna, C, D, train
6pef, D, E, train
7uap, M, N, train
7rd3, H, L, train
4nja, H, L, train
1p7k, H, L, train
6p4a, H, L, train
2ojz, I, M, train
5dfv, E, F, train
2ymx, H, L, train
1h0d, B, A, train
1bvk, E, D, train
2ajy, H, L, train
6idh, H, L, train
6lz4, D, E, train
4g5z, H, L, train
1nmb, H, L, train
6zvf, H, L, train
6pi7, C, B, train
5x2q, J, K, train
6icc, H, L, train
1zlw, M, K, train
4why, K, L, train
5w5z, H, L, train
4lou, E, F, train
6mnf, M, K, train
4xnm, B, A, train
7so9, M, L, train
1ngy, B, A, train
5mv3, O, P, train
1kyo, U, V, train
5o14, H, L, train
3sob, H, L, train
3det, C, D, train
5myx, D, C, train
6rnn, H, L, train
5bv7, C, B, train
7k3q, H, L, train
6hx4, I, M, train
7ps6, C, D, train
3cfd, B, A, train
1vfb, B, A, train
6bzw, G, H, train
3kym, B, A, train
5dub, H, L, train
6iw2, K, L, train
1for, H, L, train
6v4n, D, E, train
3zdx, E, F, train
4jre, B, C, train
6z7x, B, A, train
5bk1, H, L, train
2a1w, H, L, train
5bzw, B, A, train
4q2z, H, L, train
4evn, C, D, train
5f88, D, C, train
5hyq, B, A, train
6w5d, A, B, train
6ugs, A, B, train
3hr5, I, P, train
4ffv, D, C, train
5f3b, A, B, train
4lu5, I, M, train
3pnw, T, S, train
5e8d, H, L, train
7so9, J, I, train
3kym, H, G, train
2mpa, H, L, train
4k7p, Y, X, train
4ogy, H, L, train
1lo2, Y, X, train
5mu2, A, B, train
5ywf, D, C, train
4cmh, B, C, train
6h0e, E, F, train
7ryv, E, F, train
5vpg, D, C, train
4jr9, H, L, train
6phb, D, C, train
6azx, C, D, train
6w7s, H, L, train
6bah, B, A, train
1fgn, H, L, train
6okm, H, L, train
7a0w, E, F, train
4xgz, C, D, train
5dk3, B, A, train
5vh4, H, L, train
3h0t, B, A, train
4wht, U, V, train
4ojf, H, L, train
7e7y, C, D, train
6pxg, C, D, train
5xaj, F, D, train
5mvj, A, B, train
4g3y, H, L, train
4kkl, C, D, train
5te6, H, L, train
2a9m, I, M, train
6ani, I, M, train
6d9g, C, D, train
4wv1, B, A, train
3ob0, M, K, train
1hq4, D, C, train
2hrp, N, M, train
4kte, H, L, train
2nlj, B, A, train
7m7w, C, D, train
4nj9, H, L, train
3gje, H, L, train
5ggv, H, L, train
4hpo, H, L, train
6wg2, I, M, train
7mly, F, K, train
6ol6, H, L, train
6h06, E, F, train
1fl3, A, B, train
1k4c, A, B, train
5mx3, H, L, train
6nms, H, L, train
5lsp, S, T, train
6qnk, D, C, train
6bzv, G, H, train
6xc4, H, L, train
5a16, E, F, train
6vy6, H, L, train
1g7h, B, A, train
3r06, B, A, train
1rz7, H, L, train
6p4b, B, A, train
6bzu, G, H, train
4uim, C, D, train
4irz, H, L, train
7n08, H, L, train
5gks, C, D, train
3okl, B, A, train
5hhv, H, L, train
4hwb, H, L, train
1c12, B, A, train
5iie, A, B, train
6dcv, H, L, train
6z3k, J, K, train
7a0x, C, D, train
3oay, M, K, train
5bjz, D, H, train
4d9q, E, D, train
6vl8, E, F, train
5kmv, E, I, train
6xoc, A, B, train
4qt5, B, A, train
6z3k, E, F, train
7k7r, B, A, train
7k43, H, L, train
2j88, H, L, train
4oly, H, L, train
4fqh, A, B, train
3fo2, H, L, train
7rnj, H, L, train
5k59, H, L, train
7mfa, H, L, train
6fla, A, B, train
5kan, H, L, train
7ke1, A, B, train
1nby, B, A, train
1c08, B, A, train
6nz7, H, L, train
1bfo, D, C, train
2i5y, R, Q, train
6pzf, H, L, train
4m6m, H, L, train
6xjw, H, L, train
4xrc, H, L, train
5mv4, L, M, train
7rlv, C, D, train
7kgu, F, E, train
6be2, H, L, train
7bbg, H, L, train
6wwc, A, B, train
5bvj, B, A, train
6p9i, A, B, train
6bck, H, L, train
7kd6, O, P, train
2ipu, H, L, train
5vjq, G, H, train
6h06, C, D, train
6xqw, H, L, train
1yy9, D, C, train
7e7y, A, B, train
1mim, H, L, train
7qu1, A, B, train
4z8f, H, L, train
6avn, H, L, train
1dn0, D, C, train
6z3k, M, N, train
3g5z, B, A, train
7o33, H, L, train
7orb, E, F, train
3pnw, K, J, train
5jxe, D, C, train
3qot, H, L, train
1yy8, B, A, train
3uc0, I, M, train
1j05, H, L, train
7n04, H, L, train
6fy0, I, M, train
5ebm, A, B, train
7nxb, A, B, train
4ttd, H, L, train
7su1, H, L, train
4kkl, E, F, train
3rkd, D, C, train
4ma1, E, F, train
6ubi, A, B, train
7wpe, U, V, train
6mtr, H, L, train
6dw2, B, A, train
7rly, E, F, train
2gjz, H, L, train
5bo1, H, L, train
7ek0, H, L, train
7tn0, B, A, train
5vh3, H, L, train
6ba5, D, C, train
6cxg, H, L, train
1a7r, H, L, train
7jtg, A, B, train
2vxs, H, L, train
2hvj, A, B, train
6azz, C, B, train
6z3p, H, L, train
6o29, H, L, train
6rlo, E, F, train
7jln, A, B, train
1k6q, H, L, train
6u6o, H, L, train
1ynl, H, L, train
3dv6, B, A, train
6v4n, C, G, train
5xcv, D, E, train
4xak, H, L, train
2eks, B, A, train
6rlm, K, L, train
6c6z, H, L, train
3wih, I, M, train
6o41, B, A, train
2iq9, H, L, train
5i1e, H, L, train
25c8, H, L, train
7lka, A, B, train
7ps2, A, B, train
4lcu, A, B, train
7lj5, E, D, train
7nxa, H, L, train
1hez, B, A, train
6zec, H, L, train
1ub5, H, L, train
7ttx, H, L, train
6kyz, E, F, train
7orb, A, B, train
2dqu, H, L, train
6erx, D, E, train
3ikc, B, A, train
5bk3, C, D, train
6b9y, B, A, train
1ncc, H, L, train
6kx1, A, B, train
5tbd, A, B, train
6i8s, G, K, train
6vep, O, P, train
5kan, J, K, train
7wkx, A, C, train
4olv, H, L, train
5xcr, D, E, train
5mvj, E, F, train
7mzg, H, L, train
5tih, H, L, train
6z2m, B, C, train
5h35, F, G, train
7mjk, H, I, train
6gk8, H, L, train
4cni, A, B, train
5dfv, C, D, train
5nuz, H, L, train
3lrs, A, B, train
6jjp, D, E, train
6qbc, H, L, train
5x0t, C, D, train
5n4j, H, L, train
6uga, B, A, train
7rp0, A, B, train
4k23, H, L, train
7jmw, H, L, train
2oqj, K, J, train
5ucb, H, L, train
3wxw, H, L, train
4h8w, H, L, train
7ps1, A, B, train
6qig, H, L, train
3ra7, I, M, train
2dbl, H, L, train
3v52, H, L, train
1y0l, B, A, train
4xcn, C, D, train
3c5s, D, C, train
2hfe, A, B, train
4xgz, A, B, train
6c6x, A, B, train
1ic7, H, L, train
6ct7, H, L, train
1om3, H, L, train
1f58, H, L, train
5obf, H, L, train
4hwe, H, L, train
5xqw, H, L, train
1dvf, D, C, train
5f89, A, B, train
5dsc, E, F, train
6p60, C, D, train
7kn3, H, L, train
6bzu, C, D, train
5hys, C, D, train
4llv, H, L, train
6phc, C, D, train
1him, L, H, train
5odb, A, B, train
6rlm, C, D, train
6cdm, D, E, train
1i7z, B, A, train
2ai0, J, N, train
6vy4, C, D, train
7sob, G, I, train
5wk2, H, L, train
1mfd, H, L, train
6rp8, H, L, train
43ca, D, C, train
6wo3, H, L, train
4qt5, H, L, train
7czw, H, L, train
3u0t, B, A, train
5ibt, H, L, train
5tzt, A, B, train
5mu2, I, J, train
7lkf, H, L, train
7tp4, H, L, train
1ngw, B, A, train
7tn0, M, N, train
6med, G, I, train
7kgu, H, L, train
5od8, A, B, train
5i1l, B, A, train
6y54, M, N, train
5i30, H, L, train
6xc7, C, D, train
7kmg, D, E, train
1p2c, B, A, train
3ze0, E, F, train
3b2u, H, L, train
7ryv, H, L, train
7cj2, C, D, train
3vi3, F, E, train
4n9g, A, B, train
1lo0, Y, X, train
3u7w, H, L, train
4kvc, H, L, train
6n81, C, D, train
3gjf, H, L, train
6df0, H, L, train
6vrq, A, B, train
6wxl, K, J, train
6ywc, D, E, train
4evn, K, L, train
3c6s, D, C, train
4rrp, L, F, train
6fg2, D, E, train
5eoq, H, L, train
7nd9, H, L, train
4lvh, B, C, train
5mu0, A, B, train
1ngq, H, L, train
6dfj, H, L, train
1axt, H, L, train
5czx, C, D, train
4r4b, B, A, train
1dsf, H, L, train
5u6a, B, A, train
1ncb, H, L, train
3ifo, H, L, train
2fx7, H, L, train
4m7z, H, L, train
6xli, H, L, train
5hys, A, B, train
4qth, A, B, train
6vmj, F, E, train
3fzu, H, L, train
4xvt, H, L, train
6o26, A, B, train
1riv, H, L, train
6igu, H, L, train
4ouu, B, A, train
1aqk, H, L, train
1a3l, H, L, train
6z3q, H, L, train
5wb9, H, L, train
2aep, H, L, train
3jwd, H, L, train
1t3f, B, A, train
6dwi, D, C, train
6bb4, J, N, train
5erw, A, B, train
6o3a, B, A, train
1a6v, J, N, train
3wkm, I, M, train
7lj4, E, D, train
5b8c, B, A, train
3ls5, H, L, train
7bnv, H, L, train
6obd, H, L, train
5y9j, H, L, train
1ngp, H, L, train
5wtg, B, A, train
4xgz, U, V, train
1it9, H, L, train
5vta, H, L, train
5dhv, A, B, train
4xak, D, E, train
7ki6, G, F, train
7l77, H, L, train
4xwg, H, L, train
1r3j, B, A, train
7kfv, C, D, train
7n3c, H, L, train
6db9, H, L, train
5bvj, F, E, train
2adi, B, A, train
6xm2, D, C, train
2ny1, D, C, train
5vh3, A, B, train
3v4u, H, L, train
1ay1, H, L, train
4dvb, A, B, train
6x78, B, A, train
4yk4, C, B, train
4m62, I, M, train
2nyy, D, C, train
5bk3, H, L, train
1c5c, H, L, train
2ap2, D, C, train
6ju0, H, L, train
7lcv, A, B, train
1yyl, R, Q, train
5a16, C, D, train
6z3k, Q, R, train
1g9m, H, L, train
4r7d, G, H, train
6ss0, I, M, train
4ps4, H, L, train
1uwx, M, K, train
5ysl, C, D, train
6b0h, D, C, train
6vbp, J, I, train
4otx, I, M, train
7wpf, X, Y, train
6nmt, B, A, train
1ua6, H, L, train
7wpv, H, L, train
7so9, O, N, train
6xul, C, D, train
7np1, K, O, train
7dha, C, B, train
1xf2, H, L, train
1dfb, H, L, train
4qf1, A, B, train
1r0a, H, L, train
4kk9, E, F, train
4o9h, H, L, train
6yxd, H, L, train
4ffw, H, L, train
3okn, B, A, train
6hga, H, L, train
6dwc, H, L, train
3gb7, A, B, train
4f33, F, E, train
4yhz, H, L, train
7ryv, I, J, train
6x5m, h, l, train
1hil, D, C, train
3l95, H, L, train
6pcu, I, H, train
2qhr, H, L, train
6y54, O, P, train
3cfb, B, A, train
1dee, D, C, train
3kym, N, M, train
5gjs, H, L, train
1r3l, B, A, train
5kvd, H, L, train
7lr3, H, L, train
4ris, H, L, train
6i8s, E, I, train
6wkl, A, B, train
1uz6, H, L, train
7n3i, H, L, train
6bfq, C, D, train
3mlx, H, L, train
2or9, I, M, train
5i1h, H, L, train
3u6r, H, L, train
6iw2, B, C, train
6x1t, C, D, train
6x3x, K, L, train
4nyl, C, D, train
7pr0, G, F, train
5en2, A, B, train
5dsc, A, B, train
6xp6, J, I, train
6pzh, H, L, train
6ev2, A, B, train
7lxy, G, I, train
6svl, G, I, train
4kxz, H, L, train
7mf8, H, L, train
6jp7, H, L, train
7lxy, N, O, train
5wux, H, L, train
7nx7, A, B, train
6xoc, H, L, train
3u0w, H, L, train
6x40, K, L, train
6kdi, H, L, train
1j1o, H, L, train
7msq, D, E, train
3if1, B, A, train
5vsh, A, B, train
1ngz, B, A, train
6z2m, H, L, train
7kyl, H, L, train
5e94, D, C, train
7kf1, A, B, train
1a3r, H, L, train
3cx5, U, V, train
7dfa, H, L, train
1tzh, B, A, train
3hzv, B, A, train
2yk1, H, L, train
6wyt, H, L, train
1a7o, H, L, train
4k2u, I, M, train
4al8, H, L, train
7ps0, B, C, train
6au5, B, A, train
3ijs, D, C, train
1p2c, E, D, train
3qpq, D, C, train
6o28, A, B, train
4olx, H, L, train
4f33, D, C, train
6nv0, D, C, train
1nc2, D, C, train
4why, M, N, train
3ngb, J, K, train
7a0y, C, D, train
1vfa, B, A, train
3bdy, H, L, train
6o24, A, B, train
6bft, H, L, train
2gsi, H, G, train
6xjy, C, D, train
6nm6, U, V, train
7ben, H, L, train
3nz8, A, B, train
2g2r, B, A, train
1ruk, H, L, train
5fhb, H, L, train
3l7e, B, A, train
5nyx, H, L, train
6a9k, H, L, train
4xrc, B, A, train
7o52, H, L, train
7chy, H, L, train
5hpm, B, A, train
6b5r, H, L, train
5mth, H, L, train
5f3h, E, F, train
6suz, H, L, train
7bep, D, F, train
4jfy, H, L, train
4lvo, C, B, train
1q9o, D, C, train
2ih1, A, B, train
6wtu, K, L, train
3skj, I, M, train
1u6a, H, L, train
2ybr, A, B, train
6j9o, H, L, train
7mdp, H, I, train
4rfe, H, L, train
1gpo, I, M, train
7sob, N, O, train
6ldx, H, L, train
3lex, A, B, train
6vos, H, L, train
5e2t, H, L, train
2jel, H, L, train
7np1, I, M, train
7lsg, H, L, train
6w03, D, E, train
1um6, H, L, train
6xtg, H, L, train
7c94, E, D, train
6f7t, H, L, train
1kb5, H, L, train
3or6, A, B, train
7lka, H, L, train
1p4i, H, L, train
4toy, H, L, train
3o45, H, L, train
7vyt, B, C, train
4i77, H, L, train
7lfb, H, L, train
6h0e, C, D, train
3b9k, D, C, train
4j8r, B, A, train
2hmi, D, C, train
6o3k, H, L, train
7bem, H, L, train
3kym, F, E, train
5ezl, A, B, train
6k65, H, L, train
4m93, B, C, train
4kk9, C, D, train
1q1j, I, M, train
5kn5, A, B, train
6fg1, A, D, train
1jgv, H, L, train
4evn, A, B, train
3o11, H, L, train
6ewb, J, K, train
5ggu, A, B, train
6lgw, C, D, train
5j9p, A, B, train
6fxn, Q, R, train
7chz, H, L, train
6vry, H, L, train
3nz8, H, L, train
3cfk, D, C, train
7kx4, B, C, train
1hil, B, A, train
6z7w, B, A, train
6c5i, H, L, train
5ayu, H, L, train
1kcu, H, L, train
6med, C, D, train
5ec2, A, B, train
2arj, H, L, train
1d5i, H, L, train
5fcu, H, L, train
4xnq, B, A, train
5whk, H, L, train
3rpi, H, L, train
5k9q, H, L, train
5eor, H, L, train
1gaf, H, L, train
3ffd, A, B, train
7r6w, A, B, train
4rgn, B, C, train
5cbe, C, D, train
5oca, H, L, train
5ocx, H, L, train
6xul, H, L, train
3ijh, D, C, train
4kuz, H, L, train
1i8k, B, A, train
5mv4, A, B, train
6y9b, J, N, train
5dq9, A, B, train
7k8n, A, B, train
4eow, H, L, train
6azx, A, B, train
5x2o, H, L, train
1ai1, H, L, train
5yoy, G, D, train
6wh9, B, C, train
6z7w, D, C, train
6xp6, H, G, train
3eo0, D, C, train
6vmj, M, L, train
6al0, H, L, train
6pzf, F, E, train
7bz5, H, L, train
5id0, B, A, train
5mhg, H, L, train
4evn, E, F, train
5e2v, H, L, train
1wej, H, L, train
6cdm, A, B, train
7nx8, H, L, train
1xgq, B, A, train
1axs, H, L, train
7ryv, P, Q, train
3hzk, B, A, train
4fze, H, L, train
7ceb, C, D, train
6nfn, D, C, train
4xvu, I, J, train
3b2u, J, K, train
1nc2, B, A, train
7ekk, H, L, train
4gag, H, L, train
3wii, H, L, train
6al4, F, E, train
6otc, H, L, train
5vr9, H, L, train
5v7j, D, E, train
5n4g, H, L, train
1yek, H, L, train
1yeh, H, L, train
6u36, H, L, train
6wzk, A, B, train
6cnr, H, L, train
4jg0, H, L, train
6plh, B, A, train
4nhc, H, L, train
6cyf, M, L, train
7mhx, A, B, train
5ds8, A, B, train
1s5h, B, A, train
4bh8, B, A, train
5ivz, D, C, train
1yym, R, Q, train
5hbv, D, C, train
2fjg, H, L, train
7ora, A, B, train
4u6v, H, L, train
4gq9, H, L, train
3w9d, C, D, train
4hij, B, A, train
7c01, C, D, train
6xsw, G, I, train
6vtw, H, L, train
2d03, H, L, train
6nmu, H, L, train
6mlk, H, L, train
6eyn, D, C, train
7chs, H, L, train
6nfn, B, A, train
3kdm, B, A, train
6p9i, C, D, train
3zkm, H, L, train
7ki4, H, L, train
3hae, T, S, train
6xkr, H, L, train
5jq6, H, L, train
7sob, F, E, train
5niv, B, A, train
7nx9, A, B, train
3skj, H, L, train
6nmr, H, L, train
1ots, E, F, train
2zkh, H, L, train
6b3d, H, L, train
6ghg, A, B, train
6o41, D, C, train
5lgh, H, L, train
4okv, A, B, train
6wn4, A, B, train
7ki4, G, F, train
5aum, A, B, train
7l2e, I, K, train
1gc1, H, L, train
7mf7, A, B, train
6u3i, H, L, train
2v7n, D, C, train
7r40, E, G, train
1l7i, H, L, train
3vfg, H, L, train
6i1o, H, L, train
7m52, H, L, train
3cfk, F, E, train
4jn1, H, L, train
5vsh, E, F, train
4xbg, A, B, train
5ggt, H, L, train
1y18, D, C, train
1c5d, H, L, train
6bae, B, A, train
7ahu, B, A, train
7n05, H, L, train
7v5n, F, E, train
5ye4, A, B, train
6uyn, H, L, train
5tzt, H, L, train
4jzo, A, B, train
3ks0, K, J, train
5awn, H, L, train
6erx, H, I, train
7ki4, D, C, train
1b2w, H, L, train
5w3l, E, G, train
5dlm, H, L, train
3ncj, H, L, train
6d9g, A, B, train
1ghf, H, L, train
6nm6, D, E, train
1il1, A, B, train
6h0e, A, B, train
5cba, A, B, train
6muf, D, E, train
6y1k, H, L, train
6pis, H, L, train
6ba5, F, E, train
2ajz, B, A, train
7lxz, G, I, train
5u15, A, B, train
6ogx, C, D, train
5iq9, H, L, train
7lxz, H, J, train
7ps4, H, L, train
1d5b, B, A, train
6co3, H, L, train
6axp, D, C, train
7bep, G, I, train
6ldy, A, B, train
4bz1, H, L, train
6o3b, G, E, train
5k9q, U, V, train
4mwf, H, L, train
6cyf, F, E, train
5ywf, B, A, train
4xml, H, L, train
6xjw, C, D, train
7kf1, D, E, train
7nxb, H, L, train
2dd8, H, L, train
6df1, H, L, train
6srv, I, M, train
1nd0, H, G, train
1lo3, Y, X, train
1fj1, D, C, train
4ki5, E, F, train
3mnv, D, C, train
6w0j, A, B, train
1wcb, H, L, train
7q0g, A, B, train
6iw2, Q, R, train
6mnf, H, L, train
3c6s, F, E, train
6pxh, C, D, train
7tn0, C, D, train
5gkr, A, B, train
4rfe, E, F, train
5l7x, H, L, train
1t4k, B, A, train
1uwe, Y, X, train
7bel, A, B, train
3dvn, B, A, train
3ejz, C, D, train
6xsw, D, E, train
1kcv, H, L, train
6u9s, D, E, train
6p7h, A, B, train
1ub6, H, L, train
3grw, H, L, train
3qct, H, L, train
5drx, A, B, train
2ajv, H, L, train
1uwe, H, L, train
4dvr, H, L, train
6nfu, A, B, train
6b5m, H, L, train
5esa, A, B, train
6elj, H, L, train
7c95, D, C, train
5f6i, B, C, train
5a3i, G, H, train
5ur8, A, B, train
2vl5, C, D, train
6was, A, B, train
3b2u, C, D, train
6sf6, A, B, train
1r3k, B, A, train
6w73, H, L, train
5ivz, B, A, train
6ol7, E, D, train
2c1p, H, L, train
6o9h, A, B, train
7e5o, H, L, train
1xf2, B, A, train
6pds, B, A, train
2dqi, H, L, train
7rd4, H, L, train
5id0, D, C, train
6rnn, D, C, train
4jo1, I, M, train
5ff6, B, A, train
7ben, A, B, train
4qnp, H, L, train
3cfj, D, C, train
5k9q, X, Y, train
6fg2, F, G, train
1ine, H, L, train
6hkg, A, B, train
4bh7, B, A, train
5ifj, A, B, train
6mi2, A, B, train
1mh5, B, A, train
4xvu, K, L, train
6xm2, B, A, train
5ezi, H, L, train
3t2n, I, M, train
5jqd, D, A, train
6fg2, H, L, train
6vpy, H, L, train
3c6s, H, G, train
3pp3, H, L, train
7lka, C, D, train
4f37, F, K, train
1f3d, K, J, train
6ol6, A, B, train
6xun, C, D, train
5w3p, H, L, train
6blh, H, L, train
7nfa, D, B, train
5yoy, R, O, train
3iet, B, A, train
6dg2, C, D, train
3oaz, M, K, train
1uyw, M, N, train
2b2x, I, M, train
5mvj, C, D, train
4xnu, H, L, train
1n8z, B, A, train
4gsd, H, L, train
6xsw, A, B, train
7lsi, B, D, train
3b9k, H, L, train
1pz5, B, A, train
1uwg, Y, X, train
1kc5, H, L, train
7s4g, E, F, train
5szf, H, L, train
6wg1, H, L, train
2fjf, H, L, train
1mpa, H, L, train
6c9u, H, L, train
5vzx, H, L, train
6nmr, A, B, train
5vk6, A, B, train
5t85, H, L, train
6xkp, H, L, train
4n8c, H, L, train
7a3o, H, L, train
6u2f, H, L, train
5ebw, A, B, train
2ny6, D, C, train
7orb, C, D, train
6n16, H, L, train
6urm, H, L, train
6mtp, H, L, train
5dub, A, B, train
6mns, H, L, train
3ngb, E, F, train
4ogx, H, L, train
5hys, H, L, train
5opy, H, L, train
5xrq, A, B, train
1nd0, F, E, train
5uko, H, L, train
5icx, D, C, train
2iqa, H, L, train
4kk8, C, D, train
4s1d, C, D, train
5xli, c, a, train
4qci, B, A, train
3o2w, H, L, train
3iet, D, C, train
6ohg, C, B, train
1uz6, P, M, train
5zia, A, B, train
6tco, H, L, train
7rks, I, M, train
3jwd, P, O, train
4p3c, H, L, train
1nfd, H, G, train
1fl3, H, L, train
3zkm, C, D, train
7s13, I, M, train
1flr, H, L, train
5mv3, A, B, train
4nnp, H, L, train
5fgc, E, B, train
5bvj, H, G, train
6my5, A, B, train
6o28, C, D, train
7c88, H, L, train
6yxk, A, B, train
4p9m, H, L, train
6yax, H, L, train
6lz9, H, L, train
6nfn, P, O, train
1cgs, H, L, train
1g7l, B, A, train
1dn0, B, A, train
7bxv, H, L, train
6e4x, Z, Y, train
6ieb, E, F, train
6v4q, H, L, train
4wff, E, D, train
6xkp, M, N, train
3cfk, P, O, train
5az2, H, L, train
4hzl, H, L, train
5u5m, B, A, train
7t01, H, L, train
4gmt, H, L, train
6x3t, J, I, train
7tb8, D, E, train
7f7e, C, L, train
2yc1, A, B, train
6o2b, A, B, train
7m7w, E, F, train
2fx9, I, M, train
7bbj, M, N, train
2gjz, B, A, train
7rm0, E, F, train
7pi7, B, C, train
7kf0, A, B, train
6p60, A, B, train
3hae, O, N, train
7bg1, H, L, train
5ibu, H, L, train
1t66, H, L, train
3nac, H, L, train
1i9i, H, L, train
2otu, H, G, train
3ujj, H, L, train
2yss, B, A, train
6xsw, H, L, train
6srx, H, L, train
5kw9, H, L, train
3oau, H, L, train
7kf1, G, I, train
4tsa, H, L, train
5mu2, K, L, train
2xa8, H, L, train
7vyr, H, L, train
4yue, H, L, train
7lbe, F, E, train
5k9j, H, L, train
1emt, H, L, train
5vta, F, E, train
6iw2, E, F, train
4gw5, B, A, train
5zia, K, M, train
6a3w, J, K, train
7tqa, A, B, train
6oc3, C, D, train
4j6r, H, L, train
3rvx, D, C, train
3hae, H, L, train
1nmc, B, C, train
3rvv, D, C, train
5uel, H, L, train
1fdl, H, L, train
2z4q, B, A, train
1cly, H, L, train
4m7j, H, L, train
7ch5, H, L, train
4at6, C, D, train
1mf2, N, M, train
7q6e, J, K, train
5t6l, H, L, train
2brr, H, L, train
3na9, H, L, train
5cgy, C, D, train
5fb8, B, A, train
1tet, H, L, train
2otu, B, A, train
6mtj, D, E, train
1zlu, M, K, train
7d9z, H, L, train
5o14, C, D, train
1f4x, H, L, train
6dfi, H, L, train
6x1s, H, L, train
7cea, A, B, train
6vl8, A, B, train
5drz, B, A, train
2g2r, H, L, train
7e8m, H, L, train
5jor, D, A, train
6e62, H, L, train
5xcx, A, B, train
2gcy, B, A, train
1ce1, H, L, train
4m93, H, L, train
7stz, H, L, train
2h8p, A, B, train
4py7, I, J, train
2ykl, H, L, train
6fxn, O, P, train
4ocy, H, L, train
1kb9, J, K, train
5tgb, H, L, train
7s3m, H, L, train
4dgv, H, L, train
1nca, H, L, train
7kf0, H, L, train
2xzc, H, L, train
5t1l, B, A, train
1ndm, B, A, train
4ers, H, L, train
2ajs, H, L, train
2vdo, H, L, train
3ghb, H, L, train
6mej, A, B, train
1ots, C, D, train
2y36, H, L, train
6b0h, B, A, train
6u6u, H, L, train
3nfp, H, L, train
4fab, H, L, train
4hlz, G, H, train
6s8j, Y, U, train
4rav, C, D, train
6fbj, H, L, train
4xwo, I, J, train
6t9d, A, B, train
1yeg, H, L, train
5k8a, F, E, train
7t4q, I, H, train
7sob, H, J, train
7joo, H, L, train
6w0i, A, B, train
1a7q, H, L, train
5kn5, D, E, train
4yhp, H, L, train
2vxq, H, L, train
6ztr, A, B, train
5ikc, H, L, train
3t3p, H, L, train
5k8a, B, A, train
3so3, C, B, train
3t3p, E, F, train
5dmg, C, D, train
3utz, B, A, train
5b71, B, A, train
1nj9, B, A, train
6umx, h, l, train
6x3x, J, I, train
5epm, E, F, train
6x78, H, L, train
5tkk, H, L, train
7keo, E, F, train
3r1g, H, L, train
6mfj, H, L, train
6my4, H, L, train
7czt, I, M, train
1ggi, J, M, train
6rps, H, L, train
5xmh, H, L, train
5fha, H, L, train
3o0r, H, L, train
7sob, C, B, train
2vdq, H, L, train
1vge, H, L, train
4kuc, H, D, train
4yk4, Z, Y, train
6wrp, H, L, train
5tbd, J, K, train
6b5l, H, L, train
6kvf, A, C, train
1ck0, H, L, train
5t78, D, C, train
4hbc, H, L, train
5kjr, H, L, train
6h3t, H, L, train
6yx9, H, L, train
7kf1, H, L, train
2fx9, H, L, train
4otx, H, L, train
3aaz, A, B, train
7lyw, A, B, train
4hix, H, L, train
5yoy, H, E, train
5nmv, H, L, train
4wht, M, N, train
1bvl, A, B, train
3b2u, W, X, train
1fn4, D, C, train
7phu, D, E, train
5w4l, F, I, train
7l0l, H, L, train
5ush, H, L, train
6mto, H, L, train
4m5y, I, M, train
5mvz, A, B, train
43c9, F, E, train
5kvg, H, L, train
7l0l, G, J, train
6sv2, H, L, train
6b3k, H, L, train
5ig7, J, K, train
2osl, A, B, train
4rir, A, B, train
5d93, C, B, train
4gw4, H, L, train
5n2k, L, K, train
5iop, D, C, train
7mfa, U, V, train
4glr, H, I, train
5t6p, D, C, train
4wuk, H, L, train
5mu0, G, H, train
3u7y, H, L, train
4pb9, H, L, train
7lop, W, V, train
3ghb, I, M, train
4rfe, C, D, train
2ny2, D, C, train
5ir1, D, C, train
5mu0, O, P, train
6n16, C, D, train
6c5k, H, L, train
7so9, C, B, train
4d9l, I, M, train
5hdb, E, F, train
6plk, I, M, train
6vn1, I, M, train
4c83, C, D, train
6wit, A, B, train
6bzv, E, F, train
7ora, H, L, train
4xxd, B, A, train
2fjf, D, C, train
7bm5, K, J, train
4aei, I, M, train
6erx, Q, R, train
6hxw, C, D, train
1mh5, H, L, train
5mo3, H, L, train
6rp8, h, l, train
7mfr, B, A, train
3h42, H, L, train
1baf, H, L, train
6j6y, E, F, train
3d9a, H, L, train
5vpl, D, C, train
4yhm, H, L, train
6ad7, C, D, train
5mv4, I, J, train
1tpx, B, C, train
6umx, H, L, train
6mtp, A, B, train
5xrq, H, L, train
7jx3, A, B, train
3u9p, H, L, train
7czt, H, L, train
1g9n, H, L, train
1g7m, B, A, train
5xj4, H, L, train
7n6p, H, L, train
7nab, A, B, train
1fve, D, C, train
6p4c, H, L, train
6fy0, H, L, train
6ol7, M, N, train
5ig7, G, H, train
3tnn, E, F, train
4gxv, I, M, train
1um4, H, L, train
6o1f, H, L, train
6x8q, H, L, train
1xgy, H, L, train
1q1j, H, L, train
7czw, J, N, train
6o2b, O, P, train
1fvc, D, C, train
7mzk, F, E, train
5mu0, E, F, train
6u3z, A, B, train
2f19, H, L, train
7ce2, Z, B, train
7tuy, H, L, train
1zwi, A, B, train
4yho, H, L, train
6z7z, B, A, train
1ynk, H, L, train
4olz, H, L, train
2vdk, H, L, train
3pp3, I, K, train
6pxg, A, B, train
2oz4, H, L, train
4yo0, A, B, train
6bli, D, E, train
4qyo, A, B, train
7nx9, H, L, train
6rlm, M, N, train
6bzv, A, B, train
6oy4, D, C, train
5tlk, F, E, train
5vjq, A, B, train
7enf, P, O, train
6v4n, A, B, train
1ehl, H, L, train
4xgz, M, N, train
5tqa, A, B, train
6dwa, H, L, train
1uz6, F, E, train
2c1o, H, L, train
5d6c, H, L, train
4kph, H, L, train
7duo, H, L, train
6ion, H, L, train
7mly, H, I, train
1yei, H, L, train
5d96, J, I, train
3be1, H, L, train
1kyo, J, K, train
2hg5, A, B, train
6osh, H, L, train
5etu, B, A, train
7n0x, H, L, train
4j4p, H, L, train
7jxd, A, B, train
6ban, D, C, train
7lfd, H, L, train
2ybr, D, E, train
7e6p, H, L, train
7n08, A, B, train
6iap, H, L, train
6lz4, A, B, train
5i1a, H, L, train
1uz6, W, V, train
2i60, H, L, train
1a4j, H, L, train
1ap2, B, A, train
4hdi, H, L, train
5gir, H, L, train
6qu9, A, B, train
3duu, D, C, train
4nyl, A, B, train
4xwo, U, V, train
3mj8, B, A, train
2ak1, H, L, train
1cr9, H, L, train
6x1t, G, I, train
7lkg, D, E, train
6wzj, C, D, train
1iai, H, L, train
2vl5, A, B, train
1fn4, B, A, train
4ods, H, L, train
1m7d, B, A, train
4kze, H, L, train
6be3, H, L, train
7kba, H, L, train
4kjq, C, D, train
6p67, A, B, train
6dwi, N, M, train
1ub5, A, B, train
6mnr, H, L, train
7c94, B, A, train
5nh3, I, M, train
6wg2, H, L, train
7dr4, A, B, train
5waw, H, L, train
7sd5, H, L, train
6pa0, A, B, train
3ujt, I, M, train
6dc7, I, M, train
4n9g, H, L, train
3pho, B, A, train
5y2l, I, J, train
5t5b, A, B, train
6plk, H, L, train
4dn4, H, L, train
2pcp, B, A, train
7m2i, A, B, train
3sge, J, I, train
7bsc, H, L, train
5te4, H, L, train
4dtg, H, L, train
6erx, O, P, train
6sf6, H, L, train
6n6b, K, L, train
6iek, B, C, train
4bz2, H, L, train
6mg7, H, L, train
5f96, H, L, train
5drw, A, B, train
6jep, K, I, train
7ps2, H, L, train
5gz0, D, C, train
3cfk, H, L, train
5cck, H, L, train
1bvl, C, D, train
4wht, A, B, train
4odw, A, B, train
6phh, C, D, train
6azk, B, A, train
3r06, H, L, train
1zlu, H, L, train
7bel, H, L, train
2xkn, B, A, train
4hih, B, A, train
5mp5, A, B, train
7ps6, H, L, train
4jo2, I, M, train
6fy3, H, L, train
7s0b, A, B, train
7np1, H, L, train
5ugy, I, M, train
1q9w, D, C, train
4ffw, D, C, train
1hh9, B, A, train
6fg1, H, L, train
3dsf, H, L, train
4zso, D, C, train
5dq9, H, L, train
6ye3, D, E, train
2uzi, H, L, train
7ly0, H, L, train
6wg8, A, B, train
4xgz, J, K, train
1him, M, J, train
4jfx, H, L, train
4nzr, H, L, train
5cd3, C, D, train
5ikc, B, A, train
4qci, H, L, train
7b3o, H, L, train
3wfd, H, L, train
3fo9, B, A, train
7s0x, H, L, train
5cma, B, A, train
4m5y, H, L, train
1ncw, H, L, train
7lxy, E, D, train
4zyk, A, B, train
1uyw, H, L, train
3inu, M, N, train
4g7v, H, L, train
6vn1, H, L, train
7n3e, H, L, train
6lgw, A, B, train
3cfk, K, J, train
6xc4, X, Y, train
7l7d, H, L, train
3ze0, H, L, train
4plj, D, C, train
6xkq, H, L, train
7jxd, C, D, train
6qb6, H, L, train
1uz8, B, A, train
2adj, B, A, train
7rlw, A, B, train
2itd, A, B, train
7s11, H, L, train
4xp1, H, L, train
2v7h, H, L, train
1ad9, H, L, train
5mv4, C, D, train
5d96, C, B, train
6hhc, H, L, train
6srv, H, L, train
1ztx, H, L, train
5i15, H, L, train
5ugy, H, L, train
7jvd, H, L, train
4ygv, A, B, train
6b3s, C, D, train
1b4j, H, L, train
1mvu, B, A, train
4xgz, S, T, train
4wht, S, T, train
4xwo, O, P, train
3ifp, C, D, train
7uap, H, L, train
6n16, A, B, train
5dsc, H, L, train
3u0t, D, C, train
7jx3, C, D, train
5th2, D, C, train
6my4, A, B, train
7r8l, H, L, train
4llw, A, B, train
7kpj, C, D, train
5j13, C, B, train
1egj, H, L, train
6vln, H, L, train
6a0x, E, F, train
4nm4, H, L, train
4rrp, H, B, train
7k9z, B, A, train
3dvg, B, A, train
5w5x, H, L, train
7lxz, E, D, train
6lun, C, D, train
4yqx, N, O, train
6ug7, H, L, train
6uym, H, L, train
2vdp, H, L, train
7nx2, D, C, train
6xjq, H, L, train
43c9, H, G, train
6sxi, A, B, train
6a0z, H, L, train
2ny5, H, L, train
2zch, H, L, train
7q6e, E, F, train
5w3m, E, G, train
5x2n, J, K, train
4r4b, H, L, train
4xce, C, D, train
7o9s, H, L, train
4lf3, B, A, train
5lxg, H, L, train
5ifj, G, H, train
1xgy, I, M, train
6s8j, P, O, train
5vh4, A, B, train
6nfn, F, E, train
6u1t, H, L, train
3v6o, C, E, train
4ptt, B, A, train
5xhg, B, A, train
4gw4, A, B, train
1pg7, Z, Y, train
1bql, H, L, train
2yc1, D, E, train
4etq, A, B, train
5t5f, H, L, train
6gxx, H, L, train
6xul, E, F, train
1ngx, H, L, train
4gms, I, M, train
5vqm, D, C, train
1g7j, B, A, train
6iut, H, L, train
7v5n, B, A, train
5vjq, E, F, train
4wv1, E, D, train
1fsk, C, B, train
6nha, H, L, train
7kfy, H, L, train
4gay, H, L, train
3v6f, A, B, train
3wfc, H, L, train
3ijy, B, A, train
6n35, M, K, train
3zdy, H, L, train
6dca, I, M, train
5dk3, G, F, train
6b0g, D, C, train
5xcu, D, E, train
6bi2, I, M, train
7shu, E, F, train
3mnw, B, A, train
4m6o, H, L, train
6o3l, A, B, train
6mqe, A, B, train
7n3f, H, L, train
6ztr, H, L, train
4qxt, A, B, train
6bgt, B, A, train
2ai0, I, M, train
7k43, C, D, train
6ayn, B, A, train
2vxt, H, L, train
4o51, H, L, train
7elx, h, l, train
2fjf, T, S, train
6uga, H, L, train
4x4y, A, B, train
6mtn, D, E, train
2osl, H, L, train
3dif, D, C, train
7fjs, C, A, train
6vmj, J, I, train
3cfk, B, A, train
6mu8, D, E, train
7tb8, F, G, train
6x8p, H, L, train
2a6d, B, A, train
6vl8, C, D, train
5i1d, H, L, train
1axs, B, A, train
5mv4, O, P, train
1mrf, H, L, train
4lst, H, L, train
3oke, B, A, train
43ca, F, E, train
6ck9, D, E, train
6a9k, B, A, train
4ma3, H, L, train
5ik3, C, D, train
3q1s, H, L, train
3mly, H, L, train
6vbq, H, L, train
6wg0, H, L, train
3sdy, H, L, train
5dqj, H, L, train
5gzo, C, D, train
6wxl, H, L, train
3lex, H, L, train
3nid, E, F, train
3wfe, H, L, train
6z3k, C, D, train
6jwc, H, L, train
5l6y, H, L, train
1za6, D, C, train
3cvh, Q, R, train
1dqq, D, C, train
6mns, A, B, train
6ztf, A, B, train
7l0l, I, K, train
6x1s, A, B, train
1kcs, H, L, train
4s1q, H, L, train
3ls4, H, L, train
3if1, D, C, train
6n81, H, L, train
5xmh, D, C, train
3qwo, H, L, train
5mx3, A, B, train
6pzh, B, A, train
2hrp, H, L, train
1ad0, D, C, train
5it2, H, L, train
3b2u, T, U, train
6b5s, H, L, train
1a4k, B, A, train
6o23, A, B, train
4kxz, Q, P, train
2qqk, H, L, train
4m6n, H, L, train
7tn0, H, G, train
1ncd, H, L, train
5euk, B, A, train
4d9r, H, L, train
6x3t, K, L, train
6wfy, H, L, train
5tr8, H, L, train
1xiw, D, C, train
2b1h, H, L, train
3klh, D, C, train
6wtu, E, F, train
6ugt, A, B, train
1bfo, B, A, train
6a3w, D, E, train
6wo5, C, D, train
6wwc, D, H, train
2dqh, H, L, train
1w72, I, M, train
6dlb, H, L, train
2f58, H, L, train
1j1p, H, L, train
7lop, B, C, train
4hk0, C, D, train
7chp, H, L, train
1ruq, H, L, train
5sx5, J, K, train
5gir, A, B, train
6vl8, H, L, train
1jnh, F, E, train
6s5a, H, L, train
2eh8, H, L, train
2j4w, H, L, train
7lab, T, S, train
3cfe, B, A, train
7ly2, E, D, train
4ydk, H, L, train
2oqj, H, G, train
3q3g, D, C, train
6meh, H, L, train
6x1u, H, L, train
6nnf, D, E, train
5myk, B, A, train
6p79, H, L, train
6kz0, H, I, train
6rlm, I, J, train
5e8e, B, A, train
1jnh, D, C, train
6ute, E, F, train
5l9d, H, L, train
7rly, C, D, train
4jfy, B, A, train
5usl, B, C, train
4r3s, A, B, train
6meg, H, L, train
6vgr, H, L, train
4at6, E, F, train
1cu4, H, L, train
3b2u, F, G, train
6bfq, A, B, train
5w4l, D, E, train
5f9w, H, L, train
7mzk, H, L, train
6b9z, B, A, train
3okm, B, A, train
7l0n, M, N, train
6mfj, A, B, train
3bae, H, L, train
4jo1, H, L, train
7kx4, D, A, train
4zfg, H, L, train
4k3j, H, L, train
7jlk, A, B, train
6dzr, H, L, train
3k2u, H, L, train
7bh8, G, H, train
4gms, H, L, train
1ors, B, A, train
5sx5, H, L, train
7n8h, H, G, train
4jha, H, L, train
1kip, B, A, train
3bt2, H, L, train
6ug8, H, L, train
6b08, C, B, train
4hzl, A, B, train
5hyq, D, C, train
6a0x, G, H, train
5etu, D, C, train
5ezj, A, B, train
6o9i, D, E, train
4ij3, C, B, train
5do2, H, L, train
7n8h, O, N, train
7wph, H, L, train
6vbq, C, D, train
7cvt, C, D, train
3gjf, M, K, train
6u38, H, L, train
6m0z, H, L, train
4iml, A, B, train
1dbb, H, L, train
7rd4, A, B, train
3g5x, B, A, train
5dur, B, D, train
6u8k, D, E, train
2bfv, H, L, train
5xcs, A, B, train
7kpj, A, B, train
7a0w, C, D, train
5mv3, U, V, train
1rul, H, L, train
7kqe, I, N, train
7e9b, H, L, train
6cjk, D, C, train
4kmt, H, L, train
2z92, A, B, train
4xcn, E, F, train
7daa, H, L, train
2wub, H, L, train
5jor, F, E, train
5tf1, H, L, train
4ztp, H, L, train
3lzf, H, L, train
4pp2, B, A, train
6jbt, H, L, train
7m3i, H, L, train
6wo4, H, L, train
7lxz, F, C, train
7z0x, H, L, train
5drx, H, L, train
7km6, H, L, train
7tb8, J, K, train
7lud, A, B, train
7jmp, H, L, train
5vag, C, B, train
2rcs, H, L, train
2hjf, A, B, train
7rfb, H, L, train
6c5k, A, B, train
4wfe, G, F, train
4hs6, H, L, train
4lsu, H, L, train
6vjt, H, L, train
7kmi, A, B, train
1ejo, H, L, train
1bog, B, A, train
5w6c, H, L, train
6arp, D, C, train
5uby, H, L, train
7rdm, B, A, train
6lyn, H, L, train
7cj2, K, L, train
6xul, J, K, train
1ikf, H, L, train
7r6x, A, B, train
1j1x, H, L, train
1a4k, H, L, train
6mxs, A, B, train
5i66, A, B, train
6p67, E, F, train
5mv3, I, J, train
5i8e, A, B, train
2xqy, G, L, train
6ewb, E, F, train
3sge, H, L, train
7t4q, F, G, train
7a3n, H, L, train
6ss5, H, L, train
6nmu, B, A, train
7b0b, H, L, train
6mft, H, L, train
6lyn, A, B, train
6woz, K, L, train
4z7q, E, F, train
3ifp, E, F, train
7phu, B, C, train
7r8a, C, D, train
3fo2, B, A, train
6bpa, E, F, train
1zea, H, L, train
6u8k, F, G, train
4ocx, H, L, train
6svl, K, M, train
1dee, B, A, train
7lop, H, L, train
7wpf, R, S, train
1a6w, H, L, train
4m43, H, L, train
43c9, B, A, train
3vg9, C, B, train
3i2c, H, L, train
5bo1, I, M, train
4g6k, H, L, train
5jxa, H, L, train
4yhl, H, L, train
3mo1, B, A, train
5ugy, J, N, train
5m63, H, L, train
7vux, H, L, train
7a0x, E, F, train
3rvu, D, C, train
3mnv, B, A, train
5o1r, I, M, train
6iw2, H, I, train
6dwc, B, A, train
4d9l, J, N, train
4rbp, M, K, train
3nh7, J, N, train
4wht, E, F, train
4yhy, B, C, train
5t6p, B, A, train
5icy, B, A, train
6bpc, B, C, train
4plj, H, L, train
2brr, Y, X, train
7ly2, M, K, train
4yxk, H, L, train
7m7b, H, L, train
4zto, I, M, train
2uyl, Y, X, train
7aj6, H, L, train
3qos, H, L, train
1k4d, A, B, train
2fx8, I, M, train
6ad7, E, F, train
3pp4, H, L, train
7k8p, H, L, train
3fct, D, C, train
3wxv, H, L, train
1ct8, D, C, train
1rzk, H, L, train
2h9g, B, A, train
5gzo, H, L, train
3ixt, H, L, train
1wcb, B, A, train
7rlz, D, C, train
1yyl, H, L, train
6jc2, H, L, train
6cjk, B, A, train
5kzp, E, I, train
6vmj, B, A, train
7ljb, E, D, train
7rlz, A, B, train
6x1t, J, K, train
6c6x, H, L, train
7rqp, A, B, train
6bi2, H, L, train
7bel, E, F, train
1eo8, H, L, train
7e7x, M, N, train
5k9k, A, B, train
3cxh, U, V, train
4s2s, A, B, train
6oor, H, L, train
7so9, E, D, train
5ebl, A, B, train
6id4, H, L, train
7l7r, D, C, train
4zd3, H, L, train
5ifj, J, K, train
6ba5, B, A, train
6azz, F, E, train
6o23, C, D, train
1nak, I, M, train
6rlm, A, B, train
2xqy, J, K, train
6dkj, H, L, train
6mtq, H, L, train
5mo9, H, L, train
4ncc, 2, 1, train
6x7w, H, L, train
7r6w, H, L, train
5y2k, A, B, train
5tzu, H, L, train
3hae, I, G, train
1y0l, D, C, train
4cad, B, A, train
7n8h, C, B, train
5trp, H, L, train
1rz8, D, C, train
3wif, A, B, train
1rup, H, L, train
2j5l, C, B, train
5tfs, H, L, train
6phc, A, B, train
1mre, H, L, train
4lar, H, L, train
1opg, H, L, train
2fjf, V, U, train
1sy6, H, L, train
1bvk, B, A, train
6mei, H, L, train
2z91, A, B, train
7lfa, H, L, train
4rdq, I, H, train
1mfc, H, L, train
1a4j, B, A, train
7rco, D, C, train
3qeh, A, B, train
6mu3, H, L, train
4d9l, H, L, train
7chf, H, L, train
5n2k, J, I, train
6z2l, C, B, train
4qhu, B, A, train
5ezl, H, L, train
4x0k, A, B, train
7q6e, H, L, train
3cxh, J, K, train
4nnp, X, Y, train
1iqd, B, A, train
1keg, H, L, train
4jkp, H, L, train
5itf, B, A, train
4q0x, H, L, train
7cqc, H, L, train
5kzp, H, L, train
6cbj, H, L, train
2h32, H, A, train
6b0s, H, L, train
6tcr, H, L, train
5jor, B, C, train
5mp5, C, D, train
5tz2, H, L, train
7np1, J, N, train
7s13, H, L, train
3gi8, H, L, train
1clz, H, L, train
5w6g, H, L, train
2ajz, H, L, train
5xaj, A, B, train
6mhr, A, B, train
4zso, B, A, train
1n4x, H, L, train
3i02, B, A, train
5mp3, A, B, train
6o29, A, B, train
6ucf, H, L, train
1a7n, H, L, train
6fxn, M, N, train
6ks1, H, L, train
3gbn, H, L, train
6ss0, H, L, train
5w06, H, L, train
3v6f, E, F, train
6ldy, H, L, train
6df2, H, L, train
1ad0, B, A, train
6bla, H, L, train
6qcu, H, L, train
1fve, B, A, train
4jpw, H, L, train
1e4x, H, L, train
4wht, I, J, train
1a6v, H, L, train
3w9e, A, B, train
7r40, H, L, train
5ibu, G, B, train
6db8, H, L, train
3ntc, H, L, train
2gsg, D, C, train
1fsk, I, H, train
6ayz, R, C, train
4olu, H, L, train
4nki, H, L, train
6ztf, H, L, train
5yoy, Q, N, train
4hs8, H, L, train
4yhp, E, F, train
6kva, H, L, train
3bkc, H, L, train
6bqb, H, L, train
1hzh, H, L, train
3whx, A, B, train
3t3m, E, F, train
2wub, R, Q, train
5do2, C, D, train
5esq, D, C, train
6wgl, A, B, train
6pcu, F, E, train
5l0q, F, E, train
6v4p, C, D, train
1dvf, B, A, train
5xwd, H, D, train
5iq9, A, B, train
7ly2, N, O, train
1f3d, H, L, train
6x1t, H, L, train
6wgj, E, F, train
4rdq, G, F, train
3uc0, H, L, train
5icz, B, A, train
4kzd, H, L, train
1bgx, H, L, train
3v6f, H, L, train
6pxg, H, L, train
6xlz, H, L, train
4lly, C, D, train
6o2b, C, D, train
7dfc, H, L, train
6mqr, H, L, train
6pec, H, L, train
4las, H, L, train
1bfv, H, L, train
1kfa, I, M, train
7mzk, N, M, train
3vi4, H, L, train
3pnw, N, M, train
1dl7, H, L, train
6ywc, A, B, train
5ush, D, E, train
5yup, H, L, train
7a3t, H, L, train
6bit, J, L, train
4xgz, W, X, train
5wi9, F, E, train
6my5, H, L, train
7wpf, U, V, train
6xxv, A, B, train
6glw, H, L, train
7r89, C, D, train
6wmw, H, L, train
2q76, D, C, train
2fjf, X, W, train
4gw5, D, C, train
7lue, H, L, train
6gku, H, L, train
7fjs, H, L, train
7nxa, A, B, train
6w4v, C, D, train
1fai, H, L, train
4zff, A, B, train
7nx3, E, D, train
1yqv, H, L, train
3qq9, D, C, train
2uyl, B, A, train
7cr5, H, L, train
3cmo, H, L, train
5od0, H, L, train
6a0x, C, D, train
2uyl, N, M, train
5n2k, B, A, train
4j1u, D, C, train
6ias, H, L, train
7rm0, A, B, train
7l0n, A, B, train
5usi, A, B, train
5tpl, H, L, train
1nbz, B, A, train
4jm4, H, L, train
4nyl, E, F, train
6bpc, E, F, train
6xxv, D, E, train
2op4, H, L, train
4yx2, H, L, train
7amq, H, L, train
7dr4, C, D, train
5dd0, H, L, train
7lr4, H, L, train
6nmv, H, L, train
2or9, H, L, train
1xiw, H, G, train
4wff, G, F, train
2hwz, H, L, train
6p67, C, D, train
7eam, C, D, train
4lmq, E, I, train
6fgb, H, L, train
4yhn, A, B, train
3ngb, B, C, train
6vbp, A, B, train
7t0g, H, L, train
6cez, H, L, train
2ybr, G, H, train
4yhp, A, B, train
4iml, H, L, train
5k59, E, F, train
3hr5, J, Q, train
7ean, H, L, train
7su0, I, M, train
5b4m, C, D, train
6vep, U, V, train
2igf, H, L, train
7rco, F, E, train
2aab, H, L, train
4xgz, G, I, train
7r40, D, F, train
7q0g, H, L, train
5t1k, B, A, train
7jwq, A, B, train
7cjf, A, B, train
5jrp, H, L, train
7dm2, H, L, train
6z7z, D, C, train
5vyf, H, L, train
3cfk, N, M, train
6xcj, H, L, train
1nd0, D, C, train
5t6l, A, B, train
5mp5, E, F, train
6f7t, B, A, train
1sm3, H, L, train
2a6j, B, A, train
1aif, B, A, train
4f58, H, L, train
4gms, J, N, train
7qny, A, B, train
1fl6, H, L, train
1osp, H, L, train
7q0i, A, B, train
7lab, Y, X, train
5itb, H, L, train
3tv3, H, L, train
1tqc, B, C, train
7mdj, A, B, train
7rly, A, B, train
3cfk, I, G, train
2nxz, D, C, train
4yhn, F, L, train
5bv7, H, L, train
3mj8, H, L, train
3pnw, E, D, train
5xhg, D, C, train
4glr, J, K, train
3gk8, H, L, train
6m87, D, C, train
1t66, D, C, train
6peh, A, B, train
6ktr, F, G, train
5mes, H, L, train
6lra, H, L, train
5itf, D, C, train
1nbv, H, L, train
6nmr, J, K, train
2g5b, F, E, train
2wuc, H, L, train
1ifh, H, L, train
2q76, B, A, train
2ny3, D, C, train
3bz4, D, C, train
1igc, H, L, train
5d72, H, L, train
4nzt, H, L, train
3bkj, H, L, train
4x7s, H, L, train
6mwn, H, L, train
6wmw, M, N, train
7lxz, N, O, train
4rzc, C, D, train
3lrs, H, L, train
7dc8, B, A, train
1f4w, H, L, train
7dm1, D, C, train
7mfa, M, N, train
7mly, G, J, train
3g5x, D, C, train
2xzq, H, L, train
4dkf, I, M, train
4ub0, H, L, train
7bel, C, D, train
4r4b, D, C, train
2dqf, E, D, train
7rah, D, C, train
7rfb, A, B, train
3u30, F, E, train
3rpi, A, B, train
6wzl, C, D, train
7bm5, B, A, train
7ke1, C, D, train
6r8x, C, B, train
4i9w, E, D, train
5mp3, H, L, train
3nid, H, L, train
1tzg, I, M, train
6mxr, H, L, train
3eot, H, L, train
4evn, M, N, train
5iie, H, L, train
2bmk, B, A, train
7k75, I, J, train
4xvs, H, L, train
5h35, A, B, train
6wzm, C, D, train
1l7t, H, L, train
5utz, H, L, train
7mjk, D, E, train
5wl2, A, B, train
7m7w, H, L, train
7s4g, A, B, train
1nsn, H, L, train
6c5j, H, L, train
2y07, H, L, train
1jnh, B, A, train
7bsd, H, L, train
6x1t, E, F, train
4r7d, O, P, train
6e56, G, I, train
2eiz, B, A, train
1iqw, H, L, train
6bhz, H, L, train
4xwo, E, F, train
6qu9, H, L, train
3i02, D, C, train
5ob5, H, L, train
4lu5, H, L, train
7cdi, H, L, train
6ugv, H, L, train
6wtu, B, C, train
2ny7, H, L, train
6bfs, H, L, train
6a77, H, L, train
5otj, H, L, train
1ap2, D, C, train
1hkl, H, L, train
5mhe, H, L, train
2dwd, A, B, train
1rfd, H, L, train
7jlk, H, L, train
3eyf, D, C, train
1za6, F, E, train
1gpo, H, L, train
6bzy, H, L, train
1j05, B, A, train
5t4z, A, B, train
6tul, H, L, train
1frg, H, L, train
5bk1, C, D, train
2b1a, H, L, train
4hc1, H, L, train
3g5v, B, A, train
2vxs, I, M, train
1n7m, L, H, train
5w2b, H, L, train
1uwx, H, L, train
1s5i, H, L, train
4jb9, H, L, train
5tkj, D, E, train
1plg, H, L, train
6rps, N, M, train
5bvp, H, L, train
6dca, H, L, train
6b5o, H, L, train
7mzj, N, M, train
7bm5, H, L, train
1om3, K, M, train
3fb5, A, B, train
6h3h, C, D, train
4at6, H, L, train
6aod, B, A, train
4u6v, K, M, train
7dc7, A, B, train
1etz, B, A, train
1y18, H, L, train
4evn, G, H, train
7qu2, A, B, train
4zff, H, L, train
7seg, A, B, train
2dqe, H, L, train
5ff6, D, C, train
7rdk, B, A, train
1mam, H, L, train
2ibz, X, Y, train
5dr5, H, L, train
3pnw, Q, P, train
6a67, C, D, train
4edw, H, L, train
6flc, B, A, train
1a14, H, L, train
7lab, H, L, train
7lki, A, B, train
5x5x, H, L, train
3dgg, B, A, train
5tbd, E, F, train
5hi5, C, D, train
6ugs, H, L, train
5i2i, B, A, train
6b14, H, L, train
5gis, H, L, train
6apc, H, L, train
1r3i, H, L, train
2dwe, A, B, train
4z7o, E, F, train
2w0f, A, B, train
3dif, B, A, train
3lh2, J, N, train
1wt5, A, C, train
5jw5, H, L, train
4s1d, E, F, train
5d93, F, E, train
5o1r, H, L, train
6o25, A, B, train
5uea, H, L, train
1nd0, B, A, train
6h06, A, B, train
4lex, H, L, train
6mqs, C, D, train
6o2a, H, I, train
2fjf, K, J, train
6bzu, E, F, train
7dc8, E, D, train
2nxy, D, C, train
7djz, A, B, train
5wux, A, B, train
6t9d, H, L, train
4uim, E, F, train
6ks2, D, C, train
5ijk, A, C, train
4zs7, H, L, train
5czx, H, L, train
6fxn, H, I, train
7kyl, X, Y, train
1s3k, H, L, train
4r97, C, B, train
1op3, H, L, train
4xzu, A, B, train
3hc0, A, B, train
6p9j, H, L, train
5xli, d, b, train
5w3e, E, G, train
1hi6, B, A, train
5nhw, H, L, train
3tnn, H, L, train
7kqe, J, M, train
5t5b, H, L, train
1qyg, H, L, train
7mly, L, M, train
5occ, H, L, train
3pnw, B, A, train
3rkd, H, L, train
6bit, I, K, train
7k76, H, L, train
6fxn, F, G, train
5a3i, C, D, train
7rm0, C, D, train
6wo5, H, L, train
6d0x, A, B, train
4o51, F, E, train
6o2a, A, B, train
5mu2, G, H, train
3zdy, E, F, train
3ijs, B, A, train
2fx8, J, N, train
1yym, H, L, train
4cni, H, L, train
6ayn, D, C, train
3nif, H, L, train
6l8t, H, L, train
5esq, B, A, train
6yla, B, C, train
1riu, H, L, train
1yee, H, L, train
3g04, B, A, train
5y11, A, B, train
7kq7, H, L, train
4o4y, H, L, train
6df2, B, A, train
2fjf, P, O, train
2uud, H, L, train
3mlx, I, M, train
4xgz, Q, R, train
1dqq, B, A, train
7pr0, H, L, train
7ljb, G, F, train
6dwi, L, K, train
6gv4, H, L, train
3wfb, H, L, train
4qf1, H, L, train
3a67, H, L, train
1hez, D, C, train
7s11, K, O, train
3oko, B, A, train
5ifh, H, L, train
1i8i, B, A, train
2agj, H, L, train
6svl, O, P, train
5my4, B, A, train
5f9o, H, L, train
4jzo, G, H, train
6dn0, A, B, train
5xaj, E, C, train
6hf1, F, E, train
5dmg, E, F, train
3bz4, B, A, train
4llu, A, B, train
4wht, C, D, train
7bek, H, L, train
4lou, C, D, train
7o30, H, L, train
3ley, H, L, train
6z7w, H, G, train
5gks, A, B, train
3cfc, H, L, train
5vph, D, C, train
5wcd, H, L, train
5vyf, B, A, train
4kuc, F, E, train
4jam, H, L, train
3mbx, H, L, train
3dus, B, A, train
3qg6, B, A, train
2fat, H, L, train
6lcs, A, B, train
2r0w, H, L, train
6pe8, A, B, train
1fvd, D, C, train
5jo4, C, D, train
3u9p, K, M, train
6w0h, A, B, train
4kxz, N, M, train
1y0l, F, E, train
2vxu, I, M, train
7mf7, H, L, train
4ma7, H, L, train
5jxe, G, F, train
1cbv, H, L, train
6wx2, H, L, train
6ddr, B, A, train
6pxg, E, F, train
3tnn, A, B, train
4yqx, H, L, train
1m71, B, A, train
4jpi, H, L, train
5x2p, H, L, train
6glw, C, D, train
7m2h, A, B, train
3v6f, C, D, train
3fzu, C, D, train
4r7d, I, J, train
7k43, F, G, train
6ubi, D, E, train
1rua, H, L, train
7ly2, H, L, train
6nms, B, A, train
4gmt, I, M, train
3cfj, H, L, train
6x1v, H, L, train
2ddq, H, L, train
7s4g, H, L, train
5zia, D, E, train
4xgz, H, L, train
4d9r, E, D, train
5t1k, D, C, train
1za6, B, A, train
7wpe, X, Y, train
6pef, A, B, train
4ma1, H, L, train
5iv2, D, C, train
3s37, H, L, train
2fjf, R, Q, train
7lfa, B, D, train
1cz8, H, L, train
1v7m, H, L, train
6pzg, H, L, train
6nis, H, L, train
1xgt, B, A, train
3c6s, B, A, train
5xxy, H, L, train
5dtf, A, B, train
6ban, F, E, train
5ye3, B, A, train
4hlz, K, L, train
7n6p, A, B, train
3g6a, H, L, train
4jzn, I, P, train
5ukn, H, L, train
6axk, A, B, train
4rgn, F, G, train
5zmj, H, L, train
7ahu, H, L, train
4lqf, H, L, train
3hi6, X, Y, train
7kfw, F, G, train
6ivz, H, L, train
5wux, C, D, train
6ewb, G, I, train
6kz0, K, L, train
3l7f, B, A, train
1zlv, M, K, train
1fe8, H, L, train
6ban, H, G, train
7s0x, C, D, train
6z7y, D, C, train
5chn, H, L, train
7jkt, H, L, train
2otu, D, C, train
4rzc, H, L, train
7t0h, H, L, train
6bf4, B, C, train
6mi2, D, E, train
6s8i, P, O, train
6e63, B, C, train
2fjf, F, E, train
3o2d, H, L, train
1jn6, B, A, train
4i2x, B, A, train
6cyf, U, T, train
5x2m, H, L, train
4yr6, D, E, train
7mjk, F, G, train
5xaj, H, L, train
2aju, H, L, train
7bq5, H, L, train
2c1p, B, A, train
3l5y, H, L, train
6ktr, A, B, train
6nmr, F, G, train
7eam, H, L, train
6urm, D, E, train
4ma8, H, L, train
7nx7, H, L, train
4r7d, E, F, train
6dc4, H, L, train
4xwo, W, X, train
4ngh, H, L, train
7oo2, C, D, train
7ora, F, G, train
1ezv, X, Y, train
4zfo, A, B, train
6iw2, N, O, train
7lxy, H, L, train
1q0x, H, L, train
7czx, I, M, train
1ic4, H, L, train
2b2x, H, L, train
4rrp, I, C, train
2aj3, F, E, train
5f3h, G, H, train
6vn1, J, N, train
6ban, B, A, train
2q8a, H, L, train
7r8l, C, D, train
5hpm, D, C, train
5yoy, P, M, train
5veb, H, L, train
1f90, H, L, train
4g6m, H, L, train
2dqj, H, L, train
1mex, H, L, train
6mxr, A, B, train
6woz, E, F, train
6fy3, X, Y, train
3ob0, H, L, train
3iu3, C, D, train
6l8t, C, D, train
5mv4, U, V, train
4hcr, H, L, train
2bdn, H, L, train
7kqb, H, L, train
5d7s, H, L, train
1yef, H, L, train
6erx, M, N, train
3kym, L, K, train
6s8i, H, L, train
3o45, A, B, train
4olw, H, L, train
3kym, J, I, train
6dc7, H, L, train
3ifo, A, B, train
2vxs, K, O, train
7s3n, H, L, train
4s1d, O, P, train
2h9g, H, L, train
7nab, H, L, train
2qqn, H, L, train
6ugt, H, L, train
5kg9, H, L, train
4jlr, A, B, train
4lss, H, L, train
3or7, A, B, train
6ol5, A, B, train
5bvj, D, C, train
5yy5, H, L, train
7or9, H, L, train
1bfo, F, E, train
6bli, A, B, train
4np4, I, M, train
4m1d, H, L, train
6h0e, H, L, train
6c6x, C, D, train
3u30, C, B, train
7or9, A, B, train
7tb8, H, L, train
5t78, B, A, train
3zkn, H, L, train
4rdq, O, N, train
1nmc, H, L, train
7mfa, C, D, train
5xct, A, B, train
4evn, I, J, train
7rt9, C, D, train
6wzl, A, B, train
5ukr, H, L, train
1kn2, H, L, train
7pi7, E, F, train
6obz, A, B, train
7rqr, H, L, train
3n9g, H, L, train
7lse, H, L, train
7s4s, H, L, train
5i8e, C, D, train
6t9e, H, L, train
4f58, K, O, train
6vzi, D, E, train
5mu2, O, P, train
4okv, C, D, train
7kfw, C, D, train
3hr5, B, A, train
6t9e, A, B, train
6rlm, E, F, train
6pi7, F, E, train
6ev2, C, D, train
1wt5, B, D, train
2dqf, B, A, train
7so9, H, G, train
7lxz, M, L, train
5tdn, D, C, train
3qcu, H, L, train
6mu3, M, K, train
4fqi, H, L, train
4rir, H, L, train
2xra, H, L, train
7m3i, A, B, train
7kgu, B, A, train
3cfj, F, E, train
6mqs, A, B, train
7kfw, H, L, train
6azk, D, C, train
4lvn, C, B, train
3ze2, H, L, train
5dyo, H, L, train
5veb, A, B, train
6xun, H, L, train
6b5p, H, L, train
3vi4, F, E, train
3twc, H, L, train
1nc4, D, C, train
6iuv, C, D, train
6rlo, G, H, train
7rp2, H, I, train
6nnj, U, V, train
7msq, H, L, train
4jdv, H, L, train
2g5b, B, A, train
4lly, A, B, train
6a79, I, M, train
1e4x, I, M, train
4rrp, J, D, train
7n3h, H, L, train
4qhu, H, L, train
5cd3, G, H, train
1jnh, H, G, train
7nx6, A, B, train
6ol7, C, B, train
3d85, B, A, train
7kql, H, L, train
7bej, H, L, train
4xbg, E, F, train
5vco, B, A, train
6dc8, H, L, train
1zls, H, L, train
5wkz, H, L, train
6ug9, J, K, train
1i8m, B, A, train
2adg, B, A, train
7doh, H, L, train
1fe8, J, N, train
3dgg, D, C, train
3mj9, H, L, train
3iu3, A, B, train
6n16, K, J, train
1lo3, H, L, train
5i2i, D, C, train
6wh9, E, F, train
1ngw, H, L, train
5mu0, I, J, train
7qnx, A, B, train
6a0x, A, B, train
5mu0, M, N, train
3nh7, I, M, train
4rgm, C, B, train
6s8i, Y, U, train
5x2n, H, L, train
2y6s, D, C, train
4z0x, B, A, train
4xxd, E, D, train
4qxu, H, L, train
2fjf, B, A, train
2r56, I, M, train
5th2, B, A, train
4p3d, A, B, train
1nj9, H, L, train
4k7p, H, L, train
7jwq, C, D, train
7lue, I, M, train
6vu2, H, L, train
2ipt, H, L, train
2ny0, D, C, train
6elu, H, I, train
5jop, E, D, train
6m87, J, I, train
4jpk, H, L, train
1ngx, B, A, train
4hfw, B, A, train
2vh5, H, L, train
3vi3, H, L, train
3uji, H, L, train
1lo0, H, L, train
4ywg, I, M, train
5hi3, C, D, train
5tkj, A, B, train
7jx3, H, L, train
7mzh, B, C, train
3rvw, D, C, train
5c2b, H, L, train
5utz, F, G, train
2vxu, H, L, train
6xud, H, L, train
7czx, J, N, train
1eap, B, A, train
1igi, H, L, train
4xbp, E, F, train
7cu7, H, L, train
5e08, H, L, train
3mly, I, M, train
2p7t, A, B, train
3zkn, C, D, train
6wgk, E, F, train
6o9h, H, L, train
5f6h, M, N, train
5euk, D, C, train
6yla, H, L, train
1etz, H, L, train
3fct, B, A, train
6e62, B, C, train
1vpo, H, L, train
7kzb, H, L, train
1igj, D, C, train
2nr6, D, C, train
4l5f, H, L, train
1yej, H, L, train
5wna, H, L, train
6i9i, H, L, train
4yhi, A, B, train
5cin, H, L, train
6u3z, C, D, train
3hi1, H, L, train
7kn3, M, N, train
6pze, H, L, train
6ayz, B, D, train
7lkb, H, L, train
1clo, H, L, train
6nfn, R, Q, train
6udj, H, I, train
7bwj, H, L, train
5v7r, H, L, train
4jfz, H, L, train
1a2y, B, A, train
1uwe, V, U, train
43ca, H, G, train
4wht, X, Y, train
7ki6, D, C, train
1nak, H, L, train
5zia, O, P, train
3ma9, H, L, train
6nnj, D, E, train
5sx4, J, I, train
4at6, A, B, train
3b2u, N, O, train
6al4, D, C, train
7lkb, B, C, train
3hi5, H, L, train
4ywg, H, L, train
4i2x, D, C, train
6x8u, H, L, train
6wio, A, B, train
4m7z, B, C, train
7l2e, G, J, train
5i16, B, A, train
7czx, H, K, train
6hgu, H, L, train
3fo9, H, L, train
1tzh, H, L, train
6vbp, C, D, train
6obd, B, A, train
5iv2, B, A, train
3a6c, H, L, train
5i8o, H, L, train
5dq9, C, D, train
4h88, H, L, train
1iai, I, M, train
7m2h, D, E, train
4xce, A, B, train
7ps0, H, L, train
4ma3, B, A, train
1rmf, H, L, train
6bpb, A, B, train
1rzj, H, L, train
4z95, H, L, train
5nbw, H, L, train
4ye4, H, L, train
4kph, I, M, train
2g75, A, B, train
7ps4, B, C, train
6nov, C, D, train
6i8s, F, J, train
4ag4, H, L, train
4imk, A, D, train
6phb, B, A, train
5e94, B, A, train
6dcw, H, L, train
3c2a, H, L, train
3phq, B, A, train
3gje, B, A, train
1kel, H, L, train
1f4y, H, L, train
6dca, K, O, train
7rlx, A, B, train
4f58, J, N, train
1e6o, H, L, train
6nyq, H, L, train
4xzu, E, F, train
7tqa, C, D, train
4ydl, H, L, train
6azm, D, C, train
4m5z, H, L, train
2xza, H, L, train
2fx8, H, L, train
5i1c, H, L, train
6uvo, H, L, train
1p84, J, K, train
7phw, E, F, train
1lk3, H, L, train
5tfw, H, L, train
4cad, H, G, train
2fr4, B, A, train
4jn2, H, L, train
6bli, J, K, train
3okd, B, A, train
5f3h, C, D, train
6mqc, A, B, train
5wtt, A, B, train
5hi4, H, L, train
5e2w, H, L, train
2ojz, H, L, train
1mcp, H, L, train
4z7q, H, L, train
6mft, A, B, train
6wir, A, B, train
6pbv, D, C, train
6e63, H, L, train
6vbq, E, F, train
7lyw, H, L, train
1igf, H, L, train
7z0y, H, L, train
2gk0, B, A, train
4qxg, H, L, train
6h3t, I, M, train
4xvu, E, F, train
4xp9, H, L, train
4lci, H, L, train
5tqa, H, L, train
7mmo, A, B, train
7a3q, I, M, train
7keo, A, B, train
3aaz, H, L, train
5dsc, C, D, train
2w9d, H, L, train
2vq1, F, E, train
1tzg, H, L, train
1mnu, H, L, train
3eys, H, L, train
6tcp, D, C, train
1qbl, H, L, train
7rxi, H, L, train
7lop, X, Y, train
5tpp, H, L, train
3det, E, F, train
6w05, H, L, train
7lr4, A, B, train
6z3k, A, B, train
4dw2, H, L, train
4nx3, B, A, train
7k75, A, B, train
6cr1, H, L, train
4etq, H, L, train
3c2a, I, M, train
7rt9, A, B, train
1a6t, D, C, train
6adb, E, F, train
7nfa, C, A, train
6srx, I, M, train
4odu, H, L, train
4kaq, H, L, train
7lxy, M, K, train
6flc, H, L, train
7kfv, H, L, train
5icz, D, C, train
1tqb, B, C, train
6by3, A, B, train
7mzj, F, E, train
3fo1, H, L, train
3lh2, K, O, train
6wxl, F, E, train
7vyr, A, B, train
7n8h, M, L, train
7m53, H, L, train
6elu, K, L, train
6ug9, H, L, train
6m87, H, G, train
1ob1, B, A, train
6nuz, H, L, train
5ea0, H, L, train
7lki, D, E, train
5ggq, H, L, train
6o25, E, F, train
6a3w, A, B, train
5i1a, B, A, train
6vc9, H, L, train
6mtt, H, L, train
5k8a, H, L, train
7sob, M, L, train
5x8m, B, C, train
4jo2, H, L, train
5cd3, E, F, train
6n35, H, L, train
7o2z, H, L, train
1cfn, B, A, train
2vdn, H, L, train
1nfd, F, E, train
7dun, H, L, train
7e72, A, B, train
6a78, H, L, train
7stz, I, M, train
3ks0, H, L, train
2atk, A, B, train
5gz0, B, A, train
3q3g, H, F, train
4yhk, H, L, train
5kan, G, I, train
5alb, H, L, train
4m1g, H, L, train
3ijh, B, A, train
5h2b, A, B, train
6cw2, A, B, train
1mjj, B, A, train
2vdr, H, L, train
5bk2, H, L, train
5ysl, G, H, train
7e72, C, D, train
6ocb, H, L, train
6rlo, A, B, train
6ju0, I, M, train
6flb, H, L, train
6o3d, H, L, train
1jhl, H, L, train
3dv4, B, A, train
6bb4, H, L, train
4hdi, B, A, train
5vkd, H, L, train
7rlw, C, D, train
4qy8, A, B, train
3eyf, B, A, train
3wih, H, L, train
1fvd, B, A, train
5f7e, H, L, train
3pgf, H, L, train
6c6z, C, D, train
4odv, H, L, train
6pxr, H, L, train
3cxd, H, L, train
6ani, H, L, train
3qeh, C, D, train
2oqj, E, D, train
35c8, H, L, train
5myo, B, A, train
7rqq, H, L, train
6pe8, H, L, train
6erx, F, G, train
4zpt, H, L, train
3cfd, H, L, train
1fl5, H, L, train
6ss2, H, L, train
6xli, A, B, train
5sx4, H, L, train
2cju, H, L, train
2zpk, H, L, train
7neh, H, L, train
4rgo, H, L, train
5lwy, H, L, train
5tdo, D, C, train
4aei, J, N, train
5a16, A, B, train
6z3k, H, L, train
7mfa, G, I, train
7bh8, E, F, train
1cfq, B, A, train
1y18, B, A, train
4m1d, I, M, train
1dbj, H, L, train
6vep, I, J, train
7lm8, M, N, train
6ieb, H, L, train
4uv7, H, L, train
6axl, A, B, train
4py7, A, B, train
5jor, H, L, train
7pr0, C, B, train
5tlk, H, G, train
3i75, B, A, train
6ol7, A, Q, train
6o9i, A, B, train
7lsf, H, L, train
2a9m, H, L, train
6mts, H, L, train
5utz, B, C, train
4xgz, O, P, train
4uu9, A, B, train
6wgk, C, D, train
2eh7, H, L, train
4wy7, H, L, train
3t3m, H, L, train
3cvi, H, L, train
6svl, H, L, train
6x5m, H, L, train
1jv5, B, A, train
5th9, H, L, train
6wx2, A, B, train
5k8a, V, M, train
3s34, H, L, train
4om0, H, L, train
3nif, E, F, train
4xwo, K, L, train
6cxy, H, L, train
5nuz, A, B, train
2h1p, H, L, train
1y18, F, E, train
6pis, I, M, train
4llw, C, D, train
4py8, I, J, train
4gw1, D, C, train
1bj1, K, J, train
2b0s, H, L, train
5mp6, H, L, train
7rda, H, L, train
7qnw, H, L, train
6vep, C, D, train
3nh7, K, O, train
7l0n, C, D, train
7kkh, B, A, train
6a3w, G, H, train
4wht, Q, R, train
5eii, H, L, train
5xcu, A, B, train
6dwi, P, O, train
6dwi, H, G, train
2gk0, H, L, train
5wi9, H, L, train
7lj4, G, F, train
3qpq, H, L, train
4ffv, H, L, train
3mcl, H, L, train
6whk, C, B, train
6au5, D, C, train
6wtu, H, I, train
5ds8, H, L, train
6m87, F, E, train
3fn0, H, L, train
5vsh, H, L, train
4hlz, I, J, train
7mzj, H, L, train
3tnm, H, L, train
3mnz, B, A, train
6id4, C, D, train
4jlr, H, L, train
3o2v, H, L, train
4z7o, H, L, train
2r56, H, L, train
3o11, B, A, train
5bk3, A, B, train
7ki6, H, L, train
7rd9, H, L, train
5vlp, H, L, train
6mxs, H, L, train
5ysl, A, B, train
4f3f, B, A, train
5wk3, Q, P, train
6o41, H, L, train
1f8t, H, L, train
7mww, H, L, train
5i16, H, L, train
7a3q, H, L, train
4r4b, F, E, train
5t29, H, L, train
5mp6, P, Q, train
2a1w, I, M, train
4ioi, B, A, train
3iga, A, B, train
2i60, R, Q, train
5mu2, E, F, train
5yy5, C, D, train
2zpk, I, M, train
6mef, H, L, train
1sbs, H, L, train
3gkw, H, L, train
6i9i, A, B, train
5kmv, H, L, train
4m61, B, A, train
7jkm, H, L, train
7jmo, H, L, train
6by2, A, B, train
5th9, I, M, train
2hvk, A, B, train
6z3k, G, I, train
1dee, F, E, train
2w9e, H, L, train
5w05, H, L, train
7rdj, B, A, train
4msw, A, B, train
2uyl, W, V, train
7ps3, H, L, train
5f88, B, A, train
7kkz, H, L, train
7lka, E, F, train
5lbs, I, M, train
1hzh, K, M, train
5aum, H, L, train
1c5b, H, L, train
3fo0, H, L, train
5ec1, A, B, train
3o41, H, L, train
4aei, H, L, train
7s11, J, N, train
1mrd, H, L, train
5kvf, H, L, train
6vl9, A, B, train
1t4k, D, C, train
4n0y, H, L, train
3idx, H, L, train
5lsp, H, L, train
6mub, M, K, train
4yny, A, B, train
6ju0, J, N, train
6ol5, H, L, train
1yjd, H, L, train
7sn1, H, L, train
6woz, H, I, train
6vgr, C, D, train
5tlk, B, A, train
3cle, H, L, train
1uz8, H, L, train
2ih3, A, B, train
5w4l, B, C, train
6xpx, B, C, train
5vkh, A, B, train
2vxs, J, N, train
6o3b, B, A, train
3ra7, H, L, train
6hgu, A, B, train
4fqj, H, L, train
5bzd, D, C, train
7nx2, B, A, train
5bjz, C, L, train
6ldw, H, L, train
7mhy, O, P, train
3ixt, A, B, train
4poz, D, C, train
3hc3, H, L, train
4yxh, H, L, train
2dqg, H, L, train
7k8q, H, L, train
4hh9, B, A, train
4uik, H, L, train
7mmo, D, E, train
6bi0, H, L, train
6iek, E, F, train
4rwy, H, L, train
5vjo, C, D, train
4xbp, C, D, train
4yo0, C, D, train
7chf, A, B, train
6xjz, C, D, train
6ct7, A, B, train
5x2p, J, K, train
7lja, G, F, train
7kqg, B, C, train
6wds, H, L, train
3ejz, E, F, train
3g6a, B, A, train
6mej, H, L, train
5dur, H, L, train
3zdx, H, L, train
6x40, J, I, train
6xzw, H, L, train
3stl, A, B, train
4jqi, H, L, train
5fuz, H, L, train
6m58, H, L, train
6cbv, H, L, train
6oc3, A, B, train
5i8c, A, B, train
6ddm, B, A, train
7chb, H, L, train
3bz4, F, E, train
1zlw, H, L, train
6ute, C, D, train
4o51, B, A, train
5ggs, C, D, train
5anm, D, C, train
5ig7, D, E, train
3nfs, H, L, train
3o6k, H, L, train
3nzh, H, L, train
6wfz, H, L, train
6mu6, D, E, train
4f58, I, M, train
2ipu, G, K, train
3l7e, H, L, train
4lf3, E, D, train
1ad9, B, A, train
4ygv, F, L, train
7uap, O, P, train
5k9q, G, I, train
1kfa, H, L, train
1d6v, H, L, train
5mu2, M, N, train
6mty, H, L, train
3b2u, Q, R, train
5dd3, H, L, train
6ugv, A, B, train
4web, H, L, train
4wcy, H, L, train
6b3s, H, L, train
6ute, G, H, train
6wzj, A, B, train
1a6v, I, M, train
5nbi, H, L, train
4r7d, M, N, train
3hc0, H, L, train
4llv, A, B, train
4uin, H, L, train
5l88, H, L, train
6bzw, E, F, train
6b9j, A, B, train
3naa, H, L, train
4qth, H, L, train
2dqc, H, L, train
5b71, D, C, train
5icx, B, A, train
3o6l, H, L, train
5y9k, H, L, train
7wph, E, D, train
2a6i, B, A, train
1dqj, B, A, train
2qsc, H, L, train
1hq4, B, A, train
2ck0, H, L, train
5wt9, H, L, train
7mf7, C, D, train
5dlm, I, M, train
2v7n, B, A, train
1xgr, B, A, train
5dhv, H, L, train
7m55, H, L, train
6c6x, E, F, train
7m51, H, L, train
7n8q, H, L, train
5t80, H, L, train
7oo2, A, B, train
7rdl, B, A, train
4hha, B, A, train
7te4, H, L, train
2pcp, D, C, train
3dus, D, C, train
6iea, H, L, train
7vyt, H, L, train
7arn, H, L, train
5mi0, B, C, train
5wuv, H, L, train
4ala, H, L, train
3eyu, H, L, train
7q0i, H, L, train
5weq, B, A, train
1mj8, H, L, train
5ggu, H, L, train
7dr4, H, L, train
1uwg, H, L, train
4dgi, H, L, train
5k9q, S, T, train
5v7u, H, L, train
1t2q, H, L, train
6vor, C, D, train
3dur, B, A, train
4r7d, K, L, train
4kk8, E, F, train
6wj0, H, L, train
1e4w, H, L, train
3oaz, H, L, train
6wfx, H, L, train
7l0n, H, L, train
4z7n, E, F, train
3eyv, B, A, train
3mac, H, L, train
6i8s, H, L, train
1fl5, B, A, train
1hh6, B, A, train
6gfe, H, L, train
6x1s, E, F, train
6pe7, H, L, train
7l79, A, B, train
4x0k, H, L, train
6gfe, K, M, train
7kez, H, L, train
5mu0, C, D, train
6nv0, H, L, train
5muq, A, B, train
5otj, B, A, train
6xsn, H, L, train
7c01, H, L, train
6b0a, H, L, train
7kqe, H, L, train
4rrp, G, A, train
4why, I, J, train
5bzd, B, A, train
7ben, G, I, train
2ok0, H, L, train
6kyz, B, C, train
6mwn, C, D, train
4nm4, I, M, train
6elu, B, C, train
7phw, B, C, train
12e8, H, L, train
4r90, H, L, train
6rco, C, D, train
3eo0, B, A, train
6al4, B, A, train
7wkx, B, D, train
1i7z, D, C, train
5tlk, D, C, train
1kn4, H, L, train
7rxj, A, B, train
7m71, H, L, train
6m87, L, K, train
1p4b, H, L, train
7su0, H, L, train
6w0g, A, B, train
5cp3, H, A, train
6dc9, I, M, train
6z7w, F, E, train
6ol7, K, J, train
4cad, K, J, train
5u5f, B, A, train
2v7n, F, E, train
6ogx, H, L, train
5b8c, K, J, train
5vzx, E, I, train
7bsd, A, B, train
5drz, H, L, train
4hfw, H, L, train
6urh, H, L, train
1mju, H, L, train
7rta, H, L, train
1d5b, H, L, train
5u3d, B, A, train
3r06, D, C, train
1uj3, B, A, train
7t0i, D, C, train
6osv, H, L, train
6dkj, A, B, train
3ujt, H, L, train
6x7w, A, C, train
6mnq, H, L, train
5mu2, C, D, train
5mu0, K, L, train
4yhy, H, L, train
5nbw, B, A, train
5dyo, A, B, train
4ptu, B, A, train
7ora, D, E, train
4rav, A, B, train
5hdb, H, L, train
5nph, H, L, train
5f89, H, L, train
1psk, H, L, train
3cfb, H, L, train
6e56, H, J, train
4k2u, H, L, train
7kfv, F, G, train
6was, H, L, train
5hi4, C, D, train
6vjn, H, L, train
5id1, D, C, train
4y5v, A, B, train
5n2k, P, O, train
7lkg, A, B, train
6dzn, H, L, train
4o51, D, C, train
3qrg, H, L, train
5wk3, W, V, train
3w9d, A, B, train
3qpx, H, L, train
7lxw, H, L, train
7rlv, A, B, train
5zia, G, L, train
5lqb, H, L, train
6o25, I, J, train
7kd6, I, J, train
1ru9, H, L, train
5vco, D, C, train
3hr5, H, L, train
4wfe, E, D, train
3zl4, H, L, train
6yio, H, L, train
6z7y, B, A, train
4nwt, H, L, train
2gsg, B, A, train
4xvj, H, L, train
4qww, F, E, train
7s11, I, M, train
5c7x, H, L, train
2o5x, H, L, train
6u8k, H, L, train
3sqo, H, L, train
1rjl, B, A, train
4lvh, E, F, train
7l7r, B, A, train
6rlm, G, H, train
4dkf, H, L, train
1ggi, H, L, train
3l95, B, A, train
1mhp, X, Y, train
3mck, H, L, train
4xtr, C, D, train
6o2b, H, I, train
3a6b, H, L, train
4rrp, K, E, train
4yhi, H, L, train
5f3b, E, F, train
3bz4, H, G, train
6vbo, H, L, train
5mth, A, B, train
5tkj, G, H, train
4gw1, B, A, train
1g7i, B, A, train
7km6, h, l, train
3cvh, H, L, train
5tl5, H, L, train
6x1s, C, D, train
2fd6, H, L, train
6uoe, H, L, train
3x3f, H, L, train
5t1l, D, C, train
7rd3, A, B, train
2dqd, H, L, train
6xc3, B, A, train
2v7n, H, G, train
5vta, I, G, train
4ky1, H, L, train
5ukq, H, L, train
7kd6, C, D, train
2cmr, H, L, train
3nh7, H, L, train
6emj, H, L, train
5jue, H, L, train
3nfp, A, B, train
3pnw, H, G, train
2hkf, H, L, train
6u6m, H, L, train
4edx, B, A, train
5mv3, R, S, train
4hij, D, C, train
3ijy, D, C, train
7lud, H, L, train
6wm9, E, F, train
6b0w, H, L, train
6rcq, A, B, train
4om1, H, L, train
6b3s, J, K, train
5kzp, F, J, train
3nig, E, F, train
5nyx, M, N, train
6wyr, I, M, train
7nx6, H, L, train
5iop, B, A, train
7kd6, U, V, train
7lsb, B, D, train
4lkc, B, A, train
4hh9, D, C, train
6nuy, H, L, train
5v6l, I, M, train
4onf, H, L, train
6ppg, H, L, train
6u8d, H, L, train
5kzp, G, K, train
2aj3, D, C, train
6gk7, H, L, train
6nov, A, B, train
5jo4, A, B, train
4xnq, H, L, train
7nc0, H, L, train
6bkc, H, L, train
6vl9, H, L, train
7d85, B, C, train
7mw2, D, E, train
7kgu, D, C, train
3ngb, H, L, train
7ben, D, F, train
4g6j, H, L, train
5wk3, U, T, train
6x5e, H, L, train
6x1u, A, B, train
7cm4, H, L, train
4ebq, H, L, train
6xuk, H, L, train
3vg0, H, L, train
6iap, E, D, train
4xph, H, L, train
5ock, H, L, train
3fo1, B, A, train
5xcq, A, B, train
7bep, A, B, train
7czq, H, K, train
7n08, C, D, train
7rm0, G, H, train
6bfq, E, F, train
1c5d, B, A, train
6vtu, H, L, train
3hi6, H, L, train
6xc3, H, L, train
7mhr, A, B, train
5t1m, B, A, train
5utz, J, K, train
7m3n, H, L, train
6nfn, H, L, train
6ugu, A, B, train
5wnb, I, M, train
7lsi, A, C, train
6h06, H, L, train
1dql, H, L, train
4hs6, B, A, train
6nz7, G, I, train
5vsi, H, L, train
4odt, H, L, train
3thm, H, L, train
2fjg, B, A, train
6jjp, A, B, train
7s0b, C, D, train
5vzy, H, L, train
6btj, H, L, train
2c1o, B, A, train
5k9k, H, L, train
7n8h, E, D, train
6azm, B, A, train
3ggw, D, C, train
6oz2, H, L, train
6w5d, H, L, train
1ibg, H, L, train
4hxb, H, L, train
5xcv, A, B, train
3iu3, H, L, train
2hfg, H, L, train
5cip, A, B, train
5sy8, H, L, train
5vjo, A, B, train
7lbg, F, E, train
6fax, H, L, train
1mfb, H, L, train
6foe, A, B, train
7t4q, J, K, train
7rxl, C, D, train
1q9o, B, A, train
7qnx, H, L, train
4leo, A, B, train
4cad, E, D, train
3clf, H, L, train
4hxa, H, L, train
7s4g, C, D, train
7mf1, H, L, train
2fx8, K, O, train
6wk4, A, B, train
6cxg, M, K, train
4i9w, G, F, train
6uud, H, L, train
6aq7, H, L, train
3oay, H, L, train
6bzw, C, D, train
4llu, C, D, train
4xgz, E, F, train
6y1n, H, L, train
4s2s, H, L, train
6b5t, H, L, train
2g60, H, L, train
6s8j, H, L, train
6az2, C, E, train
4i3s, H, L, train
5cd3, A, B, train
3zdz, H, L, train
5b8c, H, G, train
7kqb, K, J, train
4g6f, H, L, train
6fxn, D, E, train
5dqj, A, B, train
6u9s, A, B, train
6ute, A, B, train
7k76, A, B, train
7sjs, H, L, train
2otw, B, A, train
2fjf, N, M, train
6ell, H, L, train
4hc1, M, N, train
6dla, H, L, train
1fsk, L, K, train
6pbv, B, A, train
7shu, C, D, train
6xc7, H, L, train
5anm, B, A, train
5myx, B, A, train
7mjl, H, L, train
6o42, B, A, train
3v6o, D, F, train
7mfb, H, L, train
5mv3, F, G, train
6svl, A, B, train
7n3d, H, L, train
4uuj, A, B, train
1zan, H, L, train
5t4z, H, L, train
4pp2, D, C, train
7mfr, Y, X, train
3qhf, H, L, train
5mv4, F, G, train
3se9, H, L, train
5zv3, H, L, train
6h2y, H, L, train
7mw2, F, G, train
1ktr, H, L, train
7o30, B, A, train
1n0x, H, L, train
5vga, B, A, train
3x3g, H, L, train
6lkt, A, B, train
4why, G, H, train
4xwo, Q, R, train
6ppg, B, A, train
2g5b, D, C, train
4xp4, H, L, train
6l8t, A, B, train
6wix, D, E, train
5kve, H, L, train
6hf1, C, B, train
3we6, A, B, train
5wk3, S, R, train
1bfo, H, G, train
6sxi, H, L, train
6btj, A, B, train
4ncc, H, L, train
4hii, B, A, train
4tsb, H, L, train
1a6u, H, L, train
5cil, H, L, train
1n0x, K, M, train
7rah, B, A, train
4xbp, H, L, train
6j5d, H, L, train
3l7f, H, L, train
4jzo, D, E, train
3qg6, H, L, train
5tdp, D, C, train
4p3d, H, L, train
5mv4, R, S, train
6x8s, H, L, train
4m61, D, C, train
4dn3, H, L, train
6iuv, H, L, train
6yxm, H, L, train
5wtt, H, L, train
5tbd, D, G, train
3wii, I, M, train
4wht, G, H, train
3sgd, H, L, train
6be4, H, L, train
15c8, H, L, train
6mee, C, D, train
6uj9, H, L, train
3q3g, B, A, train
7k8o, H, L, train
4jpv, H, L, train
6ev2, E, F, train
2y6s, H, L, train
1y0l, H, L, train
1fl6, B, A, train
1q72, H, L, train
3bn9, D, C, train
6y9b, I, M, train
1qbm, H, L, train
6ye3, A, B, train
4s1d, H, L, train
7mzf, H, L, train
5w1g, H, L, train
7kmh, A, B, train
4m62, H, L, train
3qeh, G, H, train
4mau, H, L, train
4zto, H, L, train
5eoc, J, M, train
5wtg, D, C, train
3q3g, K, J, train
4y5v, G, H, train
4hie, B, A, train
6ev2, G, H, train
4ouu, H, L, train
2r0z, H, L, train
7c95, B, A, train
2fjf, I, G, train
4np4, H, L, train
7rqr, A, B, train
6y1l, H, L, train
6wo5, A, B, train
5uea, A, B, train
6vbq, A, B, train
6qnk, B, A, train
3kr3, H, L, train
4dvb, H, L, train
4xvu, C, D, train
5whj, H, L, train
6udj, D, E, train
5mv3, L, M, train
4qnp, E, F, train
7rp3, H, I, train
5uek, H, L, train
6ule, A, B, train
2o5z, H, L, train
5a16, G, H, train
6ug9, A, B, train
2iff, H, L, train
3pnw, W, V, train
3inu, H, L, train
6x5e, B, A, train
3mlz, H, L, train
4u0r, B, C, train
5i1l, H, L, train
7r6x, H, L, train
7rm3, A, B, train
6cdp, A, B, train
3mlw, H, L, train
6uce, H, L, train
5cbe, A, B, train
7chc, H, L, train
43c9, D, C, train
6dwi, F, E, train
6ddv, B, A, train
6n32, K, M, train
5dtf, H, L, train
2q8b, H, L, train
3cx5, J, K, train
6wzk, C, D, train
7rm3, C, D, train
4d9q, H, L, train
4wht, O, P, train
6dca, J, N, train
6udj, N, O, train
1ic5, H, L, train
3ghe, H, L, train
5n7w, H, L, train
3ikc, D, C, train
2g75, C, D, train
5hi3, H, L, train
4jg1, H, L, train
1xgp, B, A, train
3sgd, J, I, train
6tcm, H, L, train
5jr1, H, L, train
5lbs, H, L, train
6ugu, H, L, train
1ggb, H, L, train
1pg7, X, W, train
5dqd, H, L, train
4odu, A, B, train
4wht, K, L, train
5f6h, I, J, train
3nig, H, L, train
7mzj, C, D, train
6p8d, A, B, train
6elu, E, F, train
6b5n, H, L, train
1i9j, H, L, train
6m58, C, D, train
5xku, C, B, train
4xwo, C, D, train
5t1m, D, C, train
3o6m, H, L, train
7wrv, U, V, train
2ny4, D, C, train
2i5y, H, L, train
4imk, B, C, train
1a7p, H, L, train
6p50, H, L, train
6w0f, A, B, train
